X_MA371506_Surajpur_3960_Surajpur_NormalRice	535.1893
X_MA371506_Surajpur_3962_Surajpur_NormalRice	340.36
X_MA372001_Surajpur_3966_Surajpur_NormalRice	938.0
X_MA373395_Surajpur_3966_Surajpur_NormalRice	140.5995
X_MA373490_Surajpur_3966_Surajpur_NormalRice	501.3007
X_MA373831_Surajpur_3966_Surajpur_NormalRice	7456.2491
X_MA375274_Surajpur_3966_Surajpur_NormalRice	11775.2031
X_MA375505_Surajpur_3966_Surajpur_NormalRice	71.5493
X_MA375537_Surajpur_3966_Surajpur_NormalRice	375.2
X_MA375843_Surajpur_3966_Surajpur_NormalRice	1876.0
X_MA376055_Surajpur_3966_Surajpur_NormalRice	671.5008
X_MA376312_Surajpur_3966_Surajpur_NormalRice	1587.0022
X_MA376739_Surajpur_3966_Surajpur_NormalRice	128.0169
X_MA376953_Surajpur_3966_Surajpur_NormalRice	739.5996
X_MA377984_Surajpur_3966_Surajpur_NormalRice	541.8022
X_MA378903_Surajpur_3966_Surajpur_NormalRice	481.9511
X_MA379596_Surajpur_3966_Surajpur_NormalRice	19.2022
X_MA379616_Surajpur_3966_Surajpur_NormalRice	1587.297
X_MA379811_Surajpur_3966_Surajpur_NormalRice	1118.4511
X_MA379888_Surajpur_3966_Surajpur_NormalRice	1876.0
X_MA381223_Balrampur_3803_Balrampur_NormalRice	419.0190999999998
X_MA381223_Balrampur_3804_Balrampur_NormalRice	228.13
X_MA381223_Balrampur_3963_Balrampur_NormalRice	230.92
X_MA381223_Balrampur_3965_Balrampur_NormalRice	303.68
X_MA381223_Balrampur_3967_Balrampur_NormalRice	180.85
X_MA381228_Balrampur_3803_Balrampur_NormalRice	72.1992
X_MA381239_Balrampur_3803_Balrampur_NormalRice	926.3018
X_MA381610_Balrampur_3803_Balrampur_NormalRice	3334.6972
X_MA381841_Balrampur_3803_Balrampur_NormalRice	2578.2605
X_MA381855_Balrampur_3803_Balrampur_NormalRice	1587.1027
X_MA382004_Balrampur_3803_Balrampur_NormalRice	274.0032
X_MA382198_Balrampur_3803_Balrampur_NormalRice	6.4722
X_MA382212_Balrampur_3803_Balrampur_NormalRice	20.6025
X_MA382656_Balrampur_3803_Balrampur_NormalRice	126.5027
X_MA382829_Balrampur_3803_Balrampur_NormalRice	0.8978
X_MA382833_Balrampur_3803_Balrampur_NormalRice	185.9719
X_MA382835_Balrampur_3803_Balrampur_NormalRice	333.4404
X_MA382835_Balrampur_3959_Balrampur_NormalRice	41.357600000000005
X_MA383089_Balrampur_3803_Balrampur_NormalRice	1409.3517
X_MA383170_Balrampur_3803_Balrampur_NormalRice	3309.8
X_MA384034_Balrampur_3959_Balrampur_NormalRice	1.0117
X_MA384160_Balrampur_3803_Balrampur_NormalRice	1115.5969
X_MA384226_Balrampur_3803_Balrampur_NormalRice	200.3032
X_MA384274_Balrampur_3803_Balrampur_NormalRice	2224.4
X_MA384503_Balrampur_3803_Balrampur_NormalRice	315.3422
X_MA384552_Balrampur_3803_Balrampur_NormalRice	142.509
X_MA384775_Balrampur_3803_Balrampur_NormalRice	1008.1624
X_MA385110_Balrampur_3959_Balrampur_NormalRice	114.0407
X_MA385230_Balrampur_3803_Balrampur_NormalRice	76.0517
X_MA385869_Balrampur_3803_Balrampur_NormalRice	1296.9994
X_MA386052_Balrampur_3803_Balrampur_NormalRice	306.9069
X_MA386389_Balrampur_3803_Balrampur_NormalRice	140.8206
X_MA387102_Balrampur_3803_Balrampur_NormalRice	997.7104
X_MA387970_Balrampur_3803_Balrampur_NormalRice	24.5421
X_MA388805_Balrampur_3803_Balrampur_NormalRice	345.4386
X_MA389315_Balrampur_3803_Balrampur_NormalRice	575.2017
X_MA389532_Balrampur_3803_Balrampur_NormalRice	144.6999
X_MA389927_Balrampur_3803_Balrampur_NormalRice	120.6
X_MA3911004_Surguja_3958_Surguja_NormalRice	5106.83
X_MA3911004_Surguja_3961_Surguja_NormalRice	398.66
X_MA3911004_Surguja_3964_Surguja_NormalRice	390.51
X_MA3911045_Surguja_3958_Surguja_NormalRice	7155.6
X_MA391104_Surajpur_3966_Surajpur_NormalRice	139.0987
X_MA3911060_Surajpur_3966_Surajpur_NormalRice	320.7022
X_MA391313_Surguja_3958_Surguja_NormalRice	55.3889
X_MA391375_Surguja_3958_Surguja_NormalRice	2490.6312
X_MA391378_Surajpur_3966_Surajpur_NormalRice	9.3532
X_MA391412_Surajpur_3966_Surajpur_NormalRice	1298.9022
X_MA391413_Surajpur_3966_Surajpur_NormalRice	6.0501
X_MA391641_Surguja_3958_Surguja_NormalRice	2503.6895
X_MA391694_Surguja_3958_Surguja_NormalRice	187.6
X_MA391752_Surguja_3958_Surguja_NormalRice	33.0511
X_MA391780_Surguja_3958_Surguja_NormalRice	2170.8
X_MA391807_Surguja_3958_Surguja_NormalRice	172.8131
X_MA391824_Surajpur_3960_Surajpur_NormalRice	109.6807
X_MA391824_Surajpur_3966_Surajpur_NormalRice	8306.128999999999
X_MA391881_Surguja_3958_Surguja_NormalRice	3671.1779
X_MA392165_Surguja_3958_Surguja_NormalRice	2477.0972
X_MA393130_Surguja_3958_Surguja_NormalRice	1697.2708
X_MA393188_Surguja_3958_Surguja_NormalRice	1730.8981
X_MA393261_Surguja_3958_Surguja_NormalRice	2814.0
X_MA393265_Surguja_3958_Surguja_NormalRice	137.6783
X_MA394117_Surguja_3958_Surguja_NormalRice	513.8699
X_MA394148_Surguja_3958_Surguja_NormalRice	180.4511
X_MA394211_Surguja_3958_Surguja_NormalRice	3778.8
X_MA394529_Surguja_3958_Surguja_NormalRice	624.3462
X_MA395045_Surguja_3958_Surguja_NormalRice	495.8
X_MA395078_Surguja_3958_Surguja_NormalRice	4120.3191
X_MA395408_Surguja_3958_Surguja_NormalRice	432.7731
X_MA396287_Surguja_3958_Surguja_NormalRice	844.2
X_MA396310_Surguja_3958_Surguja_NormalRice	120.6
X_MA396410_Surguja_3958_Surguja_NormalRice	59.8913
X_MA396524_Surguja_3958_Surguja_NormalRice	3248.6022
X_MA396756_Surguja_3958_Surguja_NormalRice	1586.8481
X_MA396940_Surguja_3958_Surguja_NormalRice	3941.5497
X_MA396988_Surguja_3958_Surguja_NormalRice	4481.9717
X_MA397260_Surguja_3958_Surguja_NormalRice	2537.1627
X_MA397415_Surguja_3958_Surguja_NormalRice	1030.6007
X_MA397457_Surguja_3958_Surguja_NormalRice	1872.1475
X_MA397707_Surguja_3958_Surguja_NormalRice	25.7481
X_MA397806_Surguja_3958_Surguja_NormalRice	279.3029
X_MA397907_Surguja_3958_Surguja_NormalRice	143.3197
X_MA397913_Surguja_3958_Surguja_NormalRice	1125.6
X_MA397995_Surguja_3958_Surguja_NormalRice	2033.0614
X_MA398056_Surguja_3958_Surguja_NormalRice	126.6099
X_MA398302_Surguja_3958_Surguja_NormalRice	966.4616
X_MA398608_Surguja_3958_Surguja_NormalRice	1448.9621
X_MA398745_Surguja_3958_Surguja_NormalRice	603.0
X_MA398800_Surguja_3958_Surguja_NormalRice	163.5001
X_MA399026_Surguja_3958_Surguja_NormalRice	192.3302
X_MA399035_Surguja_3958_Surguja_NormalRice	321.6
X_MA399301_Surguja_3958_Surguja_NormalRice	1903.6509
X_MA399464_Surguja_3958_Surguja_NormalRice	0.2077
X_MA399676_Surguja_3958_Surguja_NormalRice	1766.9508
X_MA399690_Surguja_3958_Surguja_NormalRice	1876.0
X_MA401024_Bilaspur_4041_Bilaspur_NormalRice	289.5982
X_MA401024_Bilaspur_4047_Bilaspur_NormalRice	391.899
X_MA401041_Bilaspur_4038_Bilaspur_NormalRice	224.3026
X_MA4010547_Mungeli_4044_Mungeli_NormalRice	422.67
X_MA4010547_Mungeli_4049_Mungeli_NormalRice	238.3
X_MA4010547_Mungeli_4050_Mungeli_NormalRice	238.3
X_MA4010547_Mungeli_6301_Mungeli_NormalRice	2316.7299999999996
X_MA401075_Bilaspur_4038_Bilaspur_NormalRice	29.1986
X_MA4011080_Mungeli_6301_Mungeli_NormalRice	2581.2018
X_MA401110_Bilaspur_4038_Bilaspur_NormalRice	101.0025
X_MA401120_Mungeli_6301_Mungeli_NormalRice	218.5004
X_MA401126_Bilaspur_4038_Bilaspur_NormalRice	51.0004
X_MA401129_Mungeli_6301_Mungeli_NormalRice	290.2507
X_MA401154_Bilaspur_4038_Bilaspur_NormalRice	1478.3014
X_MA401189_Bilaspur_4038_Bilaspur_NormalRice	73.097
X_MA401193_Bilaspur_4038_Bilaspur_NormalRice	1903.3025
X_MA401246_Mungeli_6301_Mungeli_NormalRice	401.1022
X_MA401271_Bilaspur_4038_Bilaspur_NormalRice	9432.5012
X_MA401352_Bilaspur_4038_Bilaspur_NormalRice	1688.4
X_MA401434_Bilaspur_4038_Bilaspur_NormalRice	841.7009
X_MA401448_Bilaspur_4038_Bilaspur_NormalRice	100.3995
X_MA401500_Bilaspur_4038_Bilaspur_NormalRice	312.9972
X_MA401514_Bilaspur_4038_Bilaspur_NormalRice	607.7972
X_MA401516_Bilaspur_4038_Bilaspur_NormalRice	1671.7974
X_MA401635_Mungeli_6301_Mungeli_NormalRice	142.8507
X_MA401644_Bilaspur_4038_Bilaspur_NormalRice	653.7994
X_MA401735_Bilaspur_4038_Bilaspur_NormalRice	50.7994
X_MA401743_Bilaspur_4038_Bilaspur_NormalRice	1615.6983
X_MA401784_Bilaspur_4038_Bilaspur_NormalRice	2440.0998
X_MA401802_Bilaspur_4038_Bilaspur_NormalRice	173.8985
X_MA401939_Bilaspur_4038_Bilaspur_NormalRice	187.6
X_MA402019_Bilaspur_4038_Bilaspur_NormalRice	7087.1327
X_MA402124_Bilaspur_4038_Bilaspur_NormalRice	276.3013
X_MA402158_Bilaspur_4038_Bilaspur_NormalRice	120.2985
X_MA402209_Gaurelapendramarwahi_4043_Gaurelapendramarwahi_NormalRice	731.0591
X_MA402209_Gaurelapendramarwahi_4048_Gaurelapendramarwahi_NormalRice	185.99
X_MA402268_Mungeli_6301_Mungeli_NormalRice	562.8
X_MA402310_Mungeli_6301_Mungeli_NormalRice	0.1005
X_MA402341_Bilaspur_4038_Bilaspur_NormalRice	308.2
X_MA402356_Bilaspur_4038_Bilaspur_NormalRice	76.7016
X_MA402380_Bilaspur_4038_Bilaspur_NormalRice	2140.8979
X_MA402457_Mungeli_6301_Mungeli_NormalRice	515.498
X_MA402465_Bilaspur_4038_Bilaspur_NormalRice	65.0972
X_MA402625_Gaurelapendramarwahi_4043_Gaurelapendramarwahi_NormalRice	2170.8
X_MA402633_Bilaspur_4038_Bilaspur_NormalRice	1608.9983
X_MA402679_Bilaspur_4038_Bilaspur_NormalRice	208.3968
X_MA402708_Bilaspur_4038_Bilaspur_NormalRice	6727.8988
X_MA402753_Bilaspur_4038_Bilaspur_NormalRice	375.2
X_MA402790_Bilaspur_4038_Bilaspur_NormalRice	111.3004
X_MA402809_Mungeli_6301_Mungeli_NormalRice	523.6988
X_MA402968_Bilaspur_4038_Bilaspur_NormalRice	4019.7521
X_MA403071_Bilaspur_4047_Bilaspur_NormalRice	167.701
X_MA403073_Bilaspur_4038_Bilaspur_NormalRice	1557.951
X_MA40308_Mungeli_6301_Mungeli_NormalRice	549.4
X_MA403144_Bilaspur_4038_Bilaspur_NormalRice	1567.0027
X_MA403157_Bilaspur_4038_Bilaspur_NormalRice	236.5971
X_MA40328_Bilaspur_4038_Bilaspur_NormalRice	902.9992
X_MA403367_Bilaspur_4038_Bilaspur_NormalRice	3942.5614
X_MA403444_Bilaspur_4038_Bilaspur_NormalRice	260.898
X_MA40352_Mungeli_6301_Mungeli_NormalRice	348.4
X_MA403547_Bilaspur_4038_Bilaspur_NormalRice	1735.8025
X_MA40364_Mungeli_6301_Mungeli_NormalRice	260.9985
X_MA403690_Bilaspur_4038_Bilaspur_NormalRice	122.6033
X_MA40375_Bilaspur_4038_Bilaspur_NormalRice	2.0971
X_MA403885_Bilaspur_4038_Bilaspur_NormalRice	1313.2
X_MA40392_Bilaspur_4038_Bilaspur_NormalRice	4835.1019
X_MA404286_Bilaspur_4038_Bilaspur_NormalRice	833.3594
X_MA404463_Bilaspur_4038_Bilaspur_NormalRice	241.803
X_MA404483_Bilaspur_4038_Bilaspur_NormalRice	188.4978
X_MA404935_Bilaspur_4038_Bilaspur_NormalRice	3376.8
X_MA405010_Bilaspur_4038_Bilaspur_NormalRice	187.6
X_MA405239_Bilaspur_4038_Bilaspur_NormalRice	1561.5221
X_MA405285_Bilaspur_4038_Bilaspur_NormalRice	311.1011
X_MA405330_Bilaspur_4038_Bilaspur_NormalRice	187.6
X_MA405462_Bilaspur_4038_Bilaspur_NormalRice	5231.7687
X_MA405468_Bilaspur_4038_Bilaspur_NormalRice	155.2993
X_MA405488_Bilaspur_4038_Bilaspur_NormalRice	871.0
X_MA405665_Bilaspur_4038_Bilaspur_NormalRice	208.102
X_MA405705_Bilaspur_4038_Bilaspur_NormalRice	1516.9001
X_MA405783_Bilaspur_4038_Bilaspur_NormalRice	410.8976
X_MA405892_Bilaspur_4038_Bilaspur_NormalRice	170.4011
X_MA405937_Bilaspur_4038_Bilaspur_NormalRice	2063.6
X_MA406053_Bilaspur_4038_Bilaspur_NormalRice	308.2
X_MA406138_Bilaspur_4038_Bilaspur_NormalRice	375.2
X_MA406201_Bilaspur_4038_Bilaspur_NormalRice	31.5972
X_MA406269_Bilaspur_4038_Bilaspur_NormalRice	3468.6972
X_MA406286_Bilaspur_4038_Bilaspur_NormalRice	4621.794
X_MA406460_Bilaspur_4038_Bilaspur_NormalRice	4780.7984
X_MA406544_Bilaspur_4038_Bilaspur_NormalRice	2133.0991
X_MA40660_Bilaspur_4038_Bilaspur_NormalRice	1759.8019
X_MA406699_Bilaspur_4038_Bilaspur_NormalRice	101.5988
X_MA406704_Bilaspur_4038_Bilaspur_NormalRice	4321.4531
X_MA40671_Bilaspur_4038_Bilaspur_NormalRice	2.5996
X_MA406827_Bilaspur_4038_Bilaspur_NormalRice	1690.0281
X_MA406971_Bilaspur_4038_Bilaspur_NormalRice	1879.7989
X_MA40700_Bilaspur_4038_Bilaspur_NormalRice	15.8991
X_MA40711_Bilaspur_4038_Bilaspur_NormalRice	139.1992
X_MA407282_Bilaspur_4038_Bilaspur_NormalRice	343.9981
X_MA407374_Mungeli_6301_Mungeli_NormalRice	42.2971
X_MA407681_Bilaspur_4038_Bilaspur_NormalRice	533.0989
X_MA407684_Bilaspur_4038_Bilaspur_NormalRice	277.2996
X_MA407795_Bilaspur_4038_Bilaspur_NormalRice	600.8493
X_MA407975_Bilaspur_4038_Bilaspur_NormalRice	4565.8021
X_MA408044_Bilaspur_4038_Bilaspur_NormalRice	3764.4017
X_MA408138_Bilaspur_4038_Bilaspur_NormalRice	944.7
X_MA408251_Bilaspur_4038_Bilaspur_NormalRice	4020.0
X_MA408628_Bilaspur_4038_Bilaspur_NormalRice	208.2025
X_MA408717_Bilaspur_4038_Bilaspur_NormalRice	58.3972
X_MA408751_Bilaspur_4038_Bilaspur_NormalRice	2154.9612
X_MA408777_Bilaspur_4038_Bilaspur_NormalRice	257.1996
X_MA408971_Bilaspur_4038_Bilaspur_NormalRice	2251.2
X_MA409066_Bilaspur_4038_Bilaspur_NormalRice	247.297
X_MA409252_Bilaspur_4038_Bilaspur_NormalRice	2056.3152999999998
X_MA409252_Bilaspur_4041_Bilaspur_NormalRice	76.3818
X_MA40931_Mungeli_6301_Mungeli_NormalRice	23.0011
X_MA409409_Bilaspur_4038_Bilaspur_NormalRice	1348.9981
X_MA409470_Bilaspur_4038_Bilaspur_NormalRice	37.453
X_MA409472_Bilaspur_4038_Bilaspur_NormalRice	5508.3983
X_MA409544_Bilaspur_4038_Bilaspur_NormalRice	208.0015
X_MA409885_Bilaspur_4038_Bilaspur_NormalRice	3586.9991
X_MA409959_Bilaspur_4038_Bilaspur_NormalRice	177.91309999999987
X_MA409959_Bilaspur_4045_Bilaspur_NormalRice	259.71
X_MA409959_Bilaspur_4046_Bilaspur_NormalRice	217.08
X_MA409959_Bilaspur_4051_Bilaspur_NormalRice	266.5
X_MA4111059_Raigarh_4153_Raigarh_NormalRice	125.1024
X_MA411163_Raigarh_4147_Raigarh_NormalRice	572.6021
X_MA411225_Raigarh_4147_Raigarh_NormalRice	314.1027
X_MA411227_Raigarh_4147_Raigarh_NormalRice	3480.9984
X_MA411230_Raigarh_4147_Raigarh_NormalRice	69.3986
X_MA411278_Raigarh_4147_Raigarh_NormalRice	394.9985
X_MA411282_Raigarh_4147_Raigarh_NormalRice	135.9028
X_MA411383_Raigarh_4147_Raigarh_NormalRice	62.6986
X_MA41141_Raigarh_4147_Raigarh_NormalRice	72.4002
X_MA411497_Raigarh_4147_Raigarh_NormalRice	118.00550000000003
X_MA411497_Raigarh_4153_Raigarh_NormalRice	46.097599999999986
X_MA411505_Raigarh_4147_Raigarh_NormalRice	651.33
X_MA411505_Raigarh_4158_Raigarh_NormalRice	152.67
X_MA411517_Sarangarhbilaigarh_4156_Sarangarhbilaigarh_NormalRice	31.9992
X_MA411596_Sarangarhbilaigarh_4149_Sarangarhbilaigarh_NormalRice	287.2022
X_MA411597_Sarangarhbilaigarh_4149_Sarangarhbilaigarh_NormalRice	224.0011
X_MA411642_Raigarh_4147_Raigarh_NormalRice	1046.138
X_MA411695_Sarangarhbilaigarh_4149_Sarangarhbilaigarh_NormalRice	126.3017
X_MA411774_Raigarh_4147_Raigarh_NormalRice	464.0018
X_MA411804_Raigarh_4147_Raigarh_NormalRice	245.2401
X_MA411932_Raigarh_4147_Raigarh_NormalRice	375.2
X_MA412020_Sarangarhbilaigarh_4149_Sarangarhbilaigarh_NormalRice	1313.2
X_MA412187_Raigarh_4147_Raigarh_NormalRice	358.4969
X_MA412191_Raigarh_4147_Raigarh_NormalRice	789.0992
X_MA412282_Raigarh_4147_Raigarh_NormalRice	513.756
X_MA412321_Sarangarhbilaigarh_4149_Sarangarhbilaigarh_NormalRice	1565.0985
X_MA412321_Sarangarhbilaigarh_4156_Sarangarhbilaigarh_NormalRice	167.95030000000003
X_MA412434_Raigarh_4147_Raigarh_NormalRice	1364.9374
X_MA412460_Raigarh_4147_Raigarh_NormalRice	1101.7011
X_MA412518_Raigarh_4147_Raigarh_NormalRice	110.148
X_MA412615_Raigarh_4147_Raigarh_NormalRice	424.2976
X_MA412638_Sarangarhbilaigarh_4149_Sarangarhbilaigarh_NormalRice	204.4974
X_MA412707_Sarangarhbilaigarh_4149_Sarangarhbilaigarh_NormalRice	85.3982
X_MA412734_Raigarh_4147_Raigarh_NormalRice	4520.3877999999995
X_MA412734_Raigarh_4157_Raigarh_NormalRice	244.21
X_MA412735_Raigarh_4147_Raigarh_NormalRice	41.8013
X_MA412745_Sarangarhbilaigarh_4149_Sarangarhbilaigarh_NormalRice	75.6028
X_MA413145_Sarangarhbilaigarh_4149_Sarangarhbilaigarh_NormalRice	1235.2991
X_MA413415_Raigarh_4147_Raigarh_NormalRice	1125.6
X_MA413416_Raigarh_4147_Raigarh_NormalRice	4961.1021
X_MA413685_Raigarh_4147_Raigarh_NormalRice	1714.0476
X_MA413767_Raigarh_4147_Raigarh_NormalRice	3376.8
X_MA413888_Raigarh_4147_Raigarh_NormalRice	449.4494
X_MA413956_Sarangarhbilaigarh_4149_Sarangarhbilaigarh_NormalRice	138.8508
X_MA413968_Raigarh_4147_Raigarh_NormalRice	1500.8
X_MA414028_Raigarh_4147_Raigarh_NormalRice	605.2981
X_MA41430_Raigarh_4147_Raigarh_NormalRice	103.1733
X_MA414371_Raigarh_4147_Raigarh_NormalRice	160.8
X_MA414414_Raigarh_4147_Raigarh_NormalRice	376.0978
X_MA414643_Sarangarhbilaigarh_4149_Sarangarhbilaigarh_NormalRice	720.451
X_MA414681_Raigarh_4147_Raigarh_NormalRice	683.4
X_MA414836_Raigarh_4147_Raigarh_NormalRice	1008.7989
X_MA414918_Raigarh_4147_Raigarh_NormalRice	1408.608
X_MA415130_Raigarh_4147_Raigarh_NormalRice	86.4032
X_MA415162_Raigarh_4147_Raigarh_NormalRice	121.002
X_MA415222_Raigarh_4147_Raigarh_NormalRice	160.8
X_MA415434_Raigarh_4147_Raigarh_NormalRice	227.4181
X_MA415496_Sarangarhbilaigarh_4149_Sarangarhbilaigarh_NormalRice	22.5522
X_MA415599_Raigarh_4147_Raigarh_NormalRice	2062.5012
X_MA415619_Raigarh_4147_Raigarh_NormalRice	578.3507
X_MA415716_Sarangarhbilaigarh_4149_Sarangarhbilaigarh_NormalRice	90.9994
X_MA415811_Raigarh_4147_Raigarh_NormalRice	957.4501
X_MA415831_Raigarh_4147_Raigarh_NormalRice	4455.6302
X_MA415831_Raigarh_4154_Raigarh_NormalRice	152.67
X_MA415912_Raigarh_4147_Raigarh_NormalRice	1638.2974
X_MA415934_Sarangarhbilaigarh_4149_Sarangarhbilaigarh_NormalRice	32.1533
X_MA415954_Raigarh_4147_Raigarh_NormalRice	272.9982
X_MA415986_Raigarh_4147_Raigarh_NormalRice	614.2024
X_MA416072_Raigarh_4147_Raigarh_NormalRice	3047.4481
X_MA416112_Raigarh_4147_Raigarh_NormalRice	1168.0981
X_MA416172_Raigarh_4147_Raigarh_NormalRice	309.6003
X_MA41625_Raigarh_4147_Raigarh_NormalRice	187.6
X_MA416415_Raigarh_4147_Raigarh_NormalRice	375.2
X_MA416782_Raigarh_4147_Raigarh_NormalRice	187.6
X_MA416850_Raigarh_4147_Raigarh_NormalRice	440.0828
X_MA416870_Sarangarhbilaigarh_4149_Sarangarhbilaigarh_NormalRice	187.6
X_MA416882_Raigarh_4147_Raigarh_NormalRice	495.8
X_MA41692_Sarangarhbilaigarh_4149_Sarangarhbilaigarh_NormalRice	2.8006
X_MA417561_Raigarh_4147_Raigarh_NormalRice	4708.2977
X_MA417807_Raigarh_4147_Raigarh_NormalRice	22.3981
X_MA41788_Raigarh_4147_Raigarh_NormalRice	239.7997
X_MA418098_Sarangarhbilaigarh_4149_Sarangarhbilaigarh_NormalRice	160.8
X_MA418920_Raigarh_4147_Raigarh_NormalRice	2341.449
X_MA418991_Sarangarhbilaigarh_4149_Sarangarhbilaigarh_NormalRice	194.8025
X_MA41903_Raigarh_4147_Raigarh_NormalRice	120.7302
X_MA41903_Raigarh_4150_Raigarh_NormalRice	152.67
X_MA419181_Raigarh_4147_Raigarh_NormalRice	39.1012
X_MA419458_Sarangarhbilaigarh_4149_Sarangarhbilaigarh_NormalRice	226.5471
X_MA419469_Sarangarhbilaigarh_4149_Sarangarhbilaigarh_NormalRice	73.2511
X_MA419573_Raigarh_4147_Raigarh_NormalRice	5421.7434
X_MA419573_Raigarh_4151_Raigarh_NormalRice	152.67
X_MA419999_Raigarh_4147_Raigarh_NormalRice	1005.9392999999999
X_MA419999_Raigarh_4148_Raigarh_NormalRice	232.08
X_MA421181_Rajnandgaon_4232_Rajnandgaon_NormalRice	1671.1174
X_MA421181_Rajnandgaon_4234_Rajnandgaon_NormalRice	270.1
X_MA421181_Rajnandgaon_4235_Rajnandgaon_NormalRice	232.69
X_MA421181_Rajnandgaon_4238_Rajnandgaon_NormalRice	304.99
X_MA421181_Rajnandgaon_4239_Rajnandgaon_NormalRice	191.2
X_MA421399_Rajnandgaon_4232_Rajnandgaon_NormalRice	590.2968
X_MA421427_Khairagarhchhuikhadangandai_4233_Khairagarhchhuikhadangandai_NormalRice	1552.2024
X_MA421569_Rajnandgaon_4232_Rajnandgaon_NormalRice	4174.703
X_MA421680_Rajnandgaon_4232_Rajnandgaon_NormalRice	1040.2018
X_MA421757_Rajnandgaon_4232_Rajnandgaon_NormalRice	6220.5011
X_MA421971_Rajnandgaon_4232_Rajnandgaon_NormalRice	1257.8982
X_MA422050_Rajnandgaon_4232_Rajnandgaon_NormalRice	8884.2
X_MA422166_Rajnandgaon_4232_Rajnandgaon_NormalRice	1996.6
X_MA42225_Rajnandgaon_4232_Rajnandgaon_NormalRice	4200.9
X_MA422369_Rajnandgaon_4232_Rajnandgaon_NormalRice	2567.9023
X_MA422424_Rajnandgaon_4232_Rajnandgaon_NormalRice	3256.401
X_MA422455_Rajnandgaon_4232_Rajnandgaon_NormalRice	180.699
X_MA422481_Rajnandgaon_4232_Rajnandgaon_NormalRice	3734.8011
X_MA422618_Rajnandgaon_4232_Rajnandgaon_NormalRice	1604.0001
X_MA422635_Mohlamanpurambagarhchowki_4231_Mohlamanpurambagarhchowki_NormalRice	1840.3828
X_MA422768_Mohlamanpurambagarhchowki_4231_Mohlamanpurambagarhchowki_NormalRice	1819.921
X_MA422979_Rajnandgaon_4232_Rajnandgaon_NormalRice	296.6023
X_MA423114_Rajnandgaon_4232_Rajnandgaon_NormalRice	426.7029
X_MA423143_Rajnandgaon_4232_Rajnandgaon_NormalRice	361.197
X_MA423593_Khairagarhchhuikhadangandai_4233_Khairagarhchhuikhadangandai_NormalRice	2.7001
X_MA423673_Rajnandgaon_4232_Rajnandgaon_NormalRice	342.0015
X_MA423996_Rajnandgaon_4232_Rajnandgaon_NormalRice	171.0979
X_MA424065_Rajnandgaon_4232_Rajnandgaon_NormalRice	988.7994
X_MA424231_Rajnandgaon_4232_Rajnandgaon_NormalRice	1539.0972
X_MA424260_Rajnandgaon_4232_Rajnandgaon_NormalRice	796.4022
X_MA424354_Khairagarhchhuikhadangandai_4233_Khairagarhchhuikhadangandai_NormalRice	2452.2
X_MA424540_Rajnandgaon_4232_Rajnandgaon_NormalRice	2338.1995
X_MA424987_Rajnandgaon_4232_Rajnandgaon_NormalRice	212.9997
X_MA425044_Rajnandgaon_4232_Rajnandgaon_NormalRice	3708.5974
X_MA425236_Rajnandgaon_4232_Rajnandgaon_NormalRice	1273.0
X_MA425682_Rajnandgaon_4232_Rajnandgaon_NormalRice	302.9003
X_MA425708_Rajnandgaon_4232_Rajnandgaon_NormalRice	1186.302
X_MA425891_Rajnandgaon_4232_Rajnandgaon_NormalRice	6808.1983
X_MA426369_Rajnandgaon_4232_Rajnandgaon_NormalRice	2419.0015
X_MA426813_Rajnandgaon_4232_Rajnandgaon_NormalRice	277.0986
X_MA426822_Rajnandgaon_4232_Rajnandgaon_NormalRice	4299.0014
X_MA426991_Rajnandgaon_4232_Rajnandgaon_NormalRice	723.6
X_MA427240_Rajnandgaon_4232_Rajnandgaon_NormalRice	27.7983
X_MA427354_Rajnandgaon_4232_Rajnandgaon_NormalRice	274.1975
X_MA427399_Khairagarhchhuikhadangandai_4233_Khairagarhchhuikhadangandai_NormalRice	214.5005
X_MA427472_Rajnandgaon_4232_Rajnandgaon_NormalRice	1314.1983
X_MA427552_Rajnandgaon_4232_Rajnandgaon_NormalRice	187.6
X_MA42761_Rajnandgaon_4232_Rajnandgaon_NormalRice	962.7029
X_MA427904_Rajnandgaon_4232_Rajnandgaon_NormalRice	203.2981
X_MA428474_Rajnandgaon_4232_Rajnandgaon_NormalRice	703.5
X_MA428505_Rajnandgaon_4232_Rajnandgaon_NormalRice	5947.6972
X_MA428871_Rajnandgaon_4232_Rajnandgaon_NormalRice	938.0
X_MA429346_Rajnandgaon_4232_Rajnandgaon_NormalRice	42.1028
X_MA429556_Rajnandgaon_4232_Rajnandgaon_NormalRice	4247.8
X_MA42996_Mohlamanpurambagarhchowki_4231_Mohlamanpurambagarhchowki_NormalRice	85.492
X_MA4310813_Durg_4329_Durg_NormalRice	3311.5995000000007
X_MA4310813_Durg_4336_Durg_NormalRice	369.4
X_MA4310813_Durg_4339_Durg_NormalRice	345.7
X_MA4310813_Durg_4340_Durg_NormalRice	345.7
X_MA4310813_Durg_4341_Durg_NormalRice	558.7
X_MA431273_Durg_4329_Durg_NormalRice	938.0
X_MA431364_Durg_4329_Durg_NormalRice	5279.6
X_MA431445_Durg_4329_Durg_NormalRice	1351.7987
X_MA431533_Durg_4329_Durg_NormalRice	5271.3992
X_MA431592_Durg_4329_Durg_NormalRice	375.2
X_MA431629_Durg_4329_Durg_NormalRice	5561.0
X_MA431691_Durg_4329_Durg_NormalRice	188.4978
X_MA431809_Durg_4329_Durg_NormalRice	4988.7999
X_MA431848_Durg_4329_Durg_NormalRice	220.2022
X_MA431889_Durg_4329_Durg_NormalRice	348.4
X_MA431973_Durg_4329_Durg_NormalRice	2441.3996
X_MA432081_Balod_4325_Balod_NormalRice	5079.480799999999
X_MA432081_Balod_4331_Balod_NormalRice	314.17
X_MA432081_Balod_4332_Balod_NormalRice	260.34
X_MA432081_Balod_4333_Balod_NormalRice	192.19
X_MA432081_Balod_4337_Balod_NormalRice	200.06
X_MA432121_Durg_4329_Durg_NormalRice	92.5002
X_MA432168_Durg_4329_Durg_NormalRice	469.0
X_MA432288_Durg_4329_Durg_NormalRice	675.2997
X_MA432304_Bemetara_5001_Bemetara_NormalRice	400.78
X_MA432304_Bemetara_5005_Bemetara_NormalRice	109.92080000000004
X_MA432344_Durg_4329_Durg_NormalRice	4405.8999
X_MA432360_Durg_4329_Durg_NormalRice	187.6
X_MA432373_Bemetara_4326_Bemetara_NormalRice	562.1032
X_MA432419_Bemetara_4326_Bemetara_NormalRice	378.4026
X_MA432474_Durg_4329_Durg_NormalRice	9351.4513
X_MA432499_Bemetara_4326_Bemetara_NormalRice	319.8982
X_MA432581_Durg_4329_Durg_NormalRice	690.2005
X_MA432596_Durg_4329_Durg_NormalRice	11336.4
X_MA432640_Balod_4325_Balod_NormalRice	176.0023
X_MA432650_Durg_4329_Durg_NormalRice	630.5504
X_MA432662_Durg_4329_Durg_NormalRice	10148.8987
X_MA432709_Durg_4329_Durg_NormalRice	2883.0033
X_MA432737_Durg_4329_Durg_NormalRice	290.1971
X_MA432749_Durg_4329_Durg_NormalRice	5078.9015
X_MA43277_Balod_4325_Balod_NormalRice	1327.0422
X_MA432804_Durg_4329_Durg_NormalRice	2914.5
X_MA432890_Durg_4329_Durg_NormalRice	187.6
X_MA432894_Durg_4329_Durg_NormalRice	7284.3003
X_MA433066_Durg_4329_Durg_NormalRice	11961.2018
X_MA433087_Durg_4329_Durg_NormalRice	312.8096
X_MA433127_Balod_4325_Balod_NormalRice	1188.8011
X_MA433135_Durg_4329_Durg_NormalRice	5019.0973
X_MA433136_Durg_4329_Durg_NormalRice	1120.0993
X_MA433372_Durg_4329_Durg_NormalRice	10465.4
X_MA433453_Durg_4329_Durg_NormalRice	7870.9992
X_MA433467_Durg_4329_Durg_NormalRice	3651.098
X_MA433644_Durg_4329_Durg_NormalRice	364.5001
X_MA433659_Durg_4329_Durg_NormalRice	3557.7
X_MA433939_Durg_4329_Durg_NormalRice	5575.3983
X_MA433979_Durg_4329_Durg_NormalRice	552.7031
X_MA434031_Durg_4329_Durg_NormalRice	500.3024
X_MA434291_Durg_4329_Durg_NormalRice	2095.6528
X_MA434420_Durg_4329_Durg_NormalRice	1774.897
X_MA434555_Durg_4329_Durg_NormalRice	7294.6987
X_MA434764_Durg_4329_Durg_NormalRice	302.5988
X_MA434913_Durg_4329_Durg_NormalRice	958.4015
X_MA435056_Durg_4329_Durg_NormalRice	1621.4
X_MA435061_Durg_4329_Durg_NormalRice	3872.7005
X_MA435087_Durg_4329_Durg_NormalRice	4298.6999
X_MA435204_Durg_4329_Durg_NormalRice	232.4967
X_MA435342_Durg_4329_Durg_NormalRice	2680.0
X_MA435419_Durg_4329_Durg_NormalRice	493.9977
X_MA435711_Durg_4329_Durg_NormalRice	629.0027
X_MA435806_Durg_4329_Durg_NormalRice	10486.9003
X_MA435858_Durg_4329_Durg_NormalRice	321.6
X_MA436210_Durg_4329_Durg_NormalRice	2201.2515
X_MA436289_Durg_4329_Durg_NormalRice	3149.1005
X_MA436418_Durg_4329_Durg_NormalRice	187.6
X_MA436513_Durg_4329_Durg_NormalRice	3457.2
X_MA436581_Durg_4329_Durg_NormalRice	1231.0982
X_MA436624_Durg_4329_Durg_NormalRice	1179.2
X_MA436770_Durg_4329_Durg_NormalRice	2148.9982
X_MA436771_Durg_4329_Durg_NormalRice	11490.5
X_MA436833_Durg_4329_Durg_NormalRice	13846.7024
X_MA436839_Durg_4329_Durg_NormalRice	91.5019
X_MA437259_Durg_4329_Durg_NormalRice	674.7972
X_MA437333_Durg_4329_Durg_NormalRice	256.5028
X_MA437351_Balod_4325_Balod_NormalRice	321.0975
X_MA437369_Durg_4329_Durg_NormalRice	4663.2
X_MA437580_Durg_4329_Durg_NormalRice	9036.2029
X_MA437741_Durg_4329_Durg_NormalRice	571.5033
X_MA437884_Durg_4329_Durg_NormalRice	1607.6985
X_MA437909_Durg_4329_Durg_NormalRice	2101.4014
X_MA437998_Durg_4329_Durg_NormalRice	3608.151
X_MA438425_Durg_4329_Durg_NormalRice	562.8
X_MA438485_Durg_4329_Durg_NormalRice	6023.3
X_MA438599_Durg_4329_Durg_NormalRice	2234.4969
X_MA438845_Durg_4329_Durg_NormalRice	7775.3031
X_MA438891_Durg_4329_Durg_NormalRice	219.5992
X_MA439212_Durg_4329_Durg_NormalRice	187.6
X_MA439266_Durg_4329_Durg_NormalRice	1608.0
X_MA439450_Durg_4329_Durg_NormalRice	643.2
X_MA439501_Durg_4329_Durg_NormalRice	11837.2987
X_MA439512_Durg_4329_Durg_NormalRice	1678.5979
X_MA439839_Durg_4329_Durg_NormalRice	473.1004
X_MA439905_Durg_4329_Durg_NormalRice	454.1997
X_MA441030_Balodabazar_4406_Balodabazar_NormalRice	182.87030000000001
X_MA441030_Balodabazar_4408_Balodabazar_NormalRice	461.7128000000001
X_MA441030_Balodabazar_4423_Balodabazar_NormalRice	422.28
X_MA441030_Balodabazar_5201_Balodabazar_NormalRice	135.73999999999998
X_MA4410486_Raipur_4401_Raipur_NormalRice	2327.8374
X_MA4410486_Raipur_4411_Raipur_NormalRice	210.11
X_MA4410486_Raipur_4413_Raipur_NormalRice	251.61
X_MA4410486_Raipur_4416_Raipur_NormalRice	429.89
X_MA4410486_Raipur_4417_Raipur_NormalRice	429.89
X_MA4410486_Raipur_4419_Raipur_NormalRice	385.11
X_MA4410486_Raipur_4422_Raipur_NormalRice	435.7
X_MA4410486_Raipur_4427_Raipur_NormalRice	189.85
X_MA4410729_Raipur_4401_Raipur_NormalRice	859.0003
X_MA4410872_Sarangarhbilaigarh_4149_Sarangarhbilaigarh_NormalRice	86.5975
X_MA4410917_Balodabazar_4405_Balodabazar_NormalRice	178.5483
X_MA4411029_Raipur_4401_Raipur_NormalRice	1949.0032
X_MA441113_Balodabazar_4406_Balodabazar_NormalRice	7.1489
X_MA441159_Raipur_4401_Raipur_NormalRice	701.8987
X_MA441169_Raipur_4401_Raipur_NormalRice	3240.4014
X_MA441281_Raipur_4401_Raipur_NormalRice	480.7987
X_MA441336_Balodabazar_4405_Balodabazar_NormalRice	3319.4011
X_MA441466_Balodabazar_4405_Balodabazar_NormalRice	443.8013
X_MA441524_Raipur_4401_Raipur_NormalRice	836.897
X_MA441547_Raipur_4401_Raipur_NormalRice	375.2
X_MA441549_Raipur_4401_Raipur_NormalRice	1876.0
X_MA441727_Raipur_4401_Raipur_NormalRice	6949.5013
X_MA441772_Raipur_4401_Raipur_NormalRice	1689.5993
X_MA441912_Raipur_4401_Raipur_NormalRice	3198.0976
X_MA442228_Raipur_4401_Raipur_NormalRice	4574.0967
X_MA442231_Raipur_4401_Raipur_NormalRice	3752.0
X_MA442269_Raipur_4401_Raipur_NormalRice	226.4533
X_MA442294_Raipur_4401_Raipur_NormalRice	2013.7989
X_MA442296_Gariaband_4410_Gariaband_NormalRice	259.9533
X_MA442371_Raipur_4401_Raipur_NormalRice	1070.1977
X_MA442386_Raipur_4401_Raipur_NormalRice	2493.5993
X_MA442412_Raipur_4401_Raipur_NormalRice	5204.7007
X_MA442477_Raipur_4401_Raipur_NormalRice	8625.8011
X_MA442537_Balodabazar_4405_Balodabazar_NormalRice	569.2521
X_MA442544_Balodabazar_4405_Balodabazar_NormalRice	73.0032
X_MA442601_Raipur_4401_Raipur_NormalRice	1187.21
X_MA442601_Raipur_4407_Raipur_NormalRice	125.99
X_MA442643_Raipur_4401_Raipur_NormalRice	780.751
X_MA442704_Raipur_4401_Raipur_NormalRice	432.4984
X_MA442719_Raipur_4401_Raipur_NormalRice	2626.4
X_MA442769_Raipur_4401_Raipur_NormalRice	1011.5995
X_MA442770_Raipur_4401_Raipur_NormalRice	5815.6
X_MA442875_Raipur_4401_Raipur_NormalRice	24260.7469
X_MA442933_Raipur_4401_Raipur_NormalRice	562.8
X_MA442945_Raipur_4401_Raipur_NormalRice	215.3983
X_MA442983_Gariaband_4409_Gariaband_NormalRice	9584.3969
X_MA442994_Balodabazar_4405_Balodabazar_NormalRice	1741.0486
X_MA442995_Balodabazar_4405_Balodabazar_NormalRice	261.501
X_MA443022_Raipur_4401_Raipur_NormalRice	1334.2514
X_MA443023_Raipur_4401_Raipur_NormalRice	860.3001
X_MA443061c_Raipur_4701_Sukma_IntNormalRice	102.09
X_MA443061c_Raipur_6179_Sukma_IntNormalRice	58.71000000000001
X_MA443069_Raipur_4401_Raipur_NormalRice	2098.3998
X_MA443070_Balodabazar_4405_Balodabazar_NormalRice	1344.4492
X_MA443070_Balodabazar_4406_Balodabazar_NormalRice	15.650799999999975
X_MA443077_Raipur_4401_Raipur_NormalRice	4148.908
X_MA443238_Raipur_4401_Raipur_NormalRice	120.6
X_MA443280_Raipur_4401_Raipur_NormalRice	3077.7991
X_MA443667_Raipur_4401_Raipur_NormalRice	1156.6478
X_MA443682_Raipur_4401_Raipur_NormalRice	428.8
X_MA443708_Raipur_4401_Raipur_NormalRice	234.5
X_MA443779_Raipur_4401_Raipur_NormalRice	8683.2
X_MA444294_Raipur_4401_Raipur_NormalRice	3051.0527
X_MA444394_Raipur_4401_Raipur_NormalRice	6013.652
X_MA444440_Raipur_4401_Raipur_NormalRice	6536.0979
X_MA444506_Raipur_4401_Raipur_NormalRice	1552.9997
X_MA444517_Raipur_4401_Raipur_NormalRice	3872.6
X_MA444669_Raipur_4401_Raipur_NormalRice	6776.1991
X_MA444781_Raipur_4401_Raipur_NormalRice	2777.4515
X_MA444789_Raipur_4401_Raipur_NormalRice	3725.2
X_MA444870_Raipur_4401_Raipur_NormalRice	2251.2
X_MA444961_Raipur_4401_Raipur_NormalRice	1471.9029
X_MA445064_Raipur_4401_Raipur_NormalRice	1570.949
X_MA445382_Raipur_4401_Raipur_NormalRice	10083.5
X_MA44538_Raipur_4401_Raipur_NormalRice	482.4
X_MA445397_Raipur_4401_Raipur_NormalRice	6182.5523
X_MA445453_Raipur_4401_Raipur_NormalRice	548.1471
X_MA445482_Raipur_4401_Raipur_NormalRice	1929.6
X_MA445903_Raipur_4401_Raipur_NormalRice	1432.2992
X_MA446118_Raipur_4401_Raipur_NormalRice	2235.6024
X_MA446155_Raipur_4401_Raipur_NormalRice	962.6493
X_MA446209_Raipur_4401_Raipur_NormalRice	5134.4981
X_MA446209c_Raipur_6179_Sukma_IntNormalRice	375.2
X_MA446364_Raipur_4401_Raipur_NormalRice	375.2
X_MA446447_Raipur_4401_Raipur_NormalRice	1641.5
X_MA446449_Raipur_4401_Raipur_NormalRice	6644.6513
X_MA446573_Raipur_4401_Raipur_NormalRice	4587.5972
X_MA446599_Raipur_4401_Raipur_NormalRice	1855.498
X_MA446641_Raipur_4401_Raipur_NormalRice	4366.8992
X_MA446684_Raipur_4401_Raipur_NormalRice	2407.5981
X_MA446748_Raipur_4401_Raipur_NormalRice	358.0011
X_MA446762_Raipur_4401_Raipur_NormalRice	6061.0009
X_MA446831_Raipur_4401_Raipur_NormalRice	3872.6
X_MA447119_Raipur_4401_Raipur_NormalRice	1313.2
X_MA447237_Raipur_4401_Raipur_NormalRice	2340.3971
X_MA447271_Raipur_4401_Raipur_NormalRice	703.5
X_MA447279_Balodabazar_4405_Balodabazar_NormalRice	2000.8009
X_MA447332_Balodabazar_4408_Balodabazar_NormalRice	86.2022
X_MA447436_Raipur_4401_Raipur_NormalRice	2882.8023
X_MA447474_Raipur_4401_Raipur_NormalRice	508.2017
X_MA447486_Raipur_4401_Raipur_NormalRice	1929.6
X_MA447669_Raipur_4401_Raipur_NormalRice	6003.2
X_MA447721_Raipur_4401_Raipur_NormalRice	431.748
X_MA447809_Raipur_4401_Raipur_NormalRice	938.0
X_MA447972_Raipur_4401_Raipur_NormalRice	3548.2999
X_MA448015_Raipur_4401_Raipur_NormalRice	7698.3
X_MA448027_Raipur_4401_Raipur_NormalRice	2392.8983
X_MA448067_Raipur_4401_Raipur_NormalRice	4560.4019
X_MA448176_Raipur_4401_Raipur_NormalRice	5946.1495
X_MA448316_Raipur_4401_Raipur_NormalRice	5815.6
X_MA448565_Raipur_4401_Raipur_NormalRice	4374.5975
X_MA448642_Raipur_4401_Raipur_NormalRice	2110.5
X_MA448645_Raipur_4401_Raipur_NormalRice	2161.2994
X_MA448648_Raipur_4401_Raipur_NormalRice	2236.3997
X_MA448651_Raipur_4401_Raipur_NormalRice	2613.0
X_MA448895_Raipur_4401_Raipur_NormalRice	556.1
X_MA448914_Raipur_4401_Raipur_NormalRice	549.4
X_MA448923_Raipur_4401_Raipur_NormalRice	1313.2
X_MA449011_Raipur_4401_Raipur_NormalRice	631.0529
X_MA449189_Raipur_4401_Raipur_NormalRice	187.6
X_MA449272_Raipur_4401_Raipur_NormalRice	5360.0
X_MA449278_Raipur_4401_Raipur_NormalRice	705.2487
X_MA449304_Raipur_4401_Raipur_NormalRice	499.6994
X_MA449329_Raipur_4401_Raipur_NormalRice	120.6
X_MA449461_Raipur_4401_Raipur_NormalRice	608.9027
X_MA449527_Raipur_4401_Raipur_NormalRice	0.603
X_MA451000_Bastar_4582_Bastar_NormalRice	18.0608
X_MA451000_Bastar_4583_Bastar_NormalRice	201.19
X_MA451018_Bastar_4575_Bastar_NormalRice	1325.3002
X_MA451462_Kondagaon_4577_Kondagaon_NormalRice	2406.2675000000004
X_MA451462_Kondagaon_4578_Kondagaon_NormalRice	212.93
X_MA451469_Kondagaon_4577_Kondagaon_NormalRice	3336.7005
X_MA452023_Kondagaon_4577_Kondagaon_NormalRice	1137.7002
X_MA452107_Bastar_4575_Bastar_NormalRice	4289.9028
X_MA452337_Kondagaon_4577_Kondagaon_NormalRice	699.8016
X_MA452350_Kondagaon_4577_Kondagaon_NormalRice	2371.9005
X_MA452365_Bastar_4575_Bastar_NormalRice	4933.9001
X_MA452401_Bastar_4575_Bastar_NormalRice	1646.1498
X_MA452578_Bastar_4575_Bastar_NormalRice	0.9112
X_MA453017_Bastar_4575_Bastar_NormalRice	7069.8869
X_MA453198_Bastar_4575_Bastar_NormalRice	1206.0
X_MA453691_Bastar_4575_Bastar_NormalRice	964.8
X_MA453862_Bastar_4575_Bastar_NormalRice	511.9001
X_MA453894_Bastar_4575_Bastar_NormalRice	477.7971
X_MA454515_Bastar_4575_Bastar_NormalRice	3123.2988
X_MA455270_Bastar_4575_Bastar_NormalRice	2660.383
X_MA455270_Bastar_4582_Bastar_NormalRice	152.7192
X_MA455863_Bastar_4575_Bastar_NormalRice	211.33900000000003
X_MA455863_Bastar_4576_Bastar_NormalRice	163.66
X_MA45726_Bastar_4575_Bastar_NormalRice	419.8019
X_MA457431_Bastar_4575_Bastar_NormalRice	2148.9982
X_MA458367_Bastar_4575_Bastar_NormalRice	1629.2993
X_MA458476_Bastar_4575_Bastar_NormalRice	3966.601
X_MA459138_Bastar_4575_Bastar_NormalRice	3214.5997
X_MA45918_Kondagaon_4577_Kondagaon_NormalRice	314.9
X_MA459381_Bastar_4575_Bastar_NormalRice	688.0833
X_MA459956_Bastar_4575_Bastar_NormalRice	4187.5067
X_MA461627_Narayanpur_4574_Narayanpur_NormalRice	2605.6032
X_MA465453_Narayanpur_4574_Narayanpur_NormalRice	7029.9214
X_MA471793_Sukma_6179_Sukma_NormalRice	231.2505
X_MA473851_Sukma_6179_Sukma_NormalRice	157.651
X_MA476306_Sukma_6179_Sukma_NormalRice	275.102
X_MA476327_Sukma_4702_Sukma_NormalRice	83.27
X_MA476327_Sukma_6179_Sukma_NormalRice	503.12739999999997
X_MA478929_Sukma_6179_Sukma_NormalRice	95.5487
X_MA481577_Kondagaon_4577_Kondagaon_NormalRice	118.8722
X_MA481577_Kondagaon_4579_Kondagaon_NormalRice	114.73
X_MA482015_Kondagaon_4577_Kondagaon_NormalRice	238.3994
X_MA482300_Kondagaon_4577_Kondagaon_NormalRice	587.6972
X_MA483997_Kondagaon_4577_Kondagaon_NormalRice	68.5008
X_MA484234_Kondagaon_4577_Kondagaon_NormalRice	3070.5028
X_MA484306_Kondagaon_4577_Kondagaon_NormalRice	469.0
X_MA484807_Kondagaon_4577_Kondagaon_NormalRice	6392.7983
X_MA485101_Kondagaon_4577_Kondagaon_NormalRice	7155.6
X_MA486724_Kondagaon_4577_Kondagaon_NormalRice	4355.6968
X_MA487638_Kondagaon_4577_Kondagaon_NormalRice	138.5024
X_MA488130_Kondagaon_4577_Kondagaon_NormalRice	4269.1998
X_MA491835_Balod_4325_Balod_NormalRice	560.0999
X_MA492051_Balod_4325_Balod_NormalRice	2242.9523
X_MA492087_Balod_4325_Balod_NormalRice	2941.3
X_MA492472_Balod_4325_Balod_NormalRice	1125.6
X_MA492525_Balod_4325_Balod_NormalRice	9264.1972
X_MA492843_Balod_4325_Balod_NormalRice	187.6
X_MA493350_Balod_4325_Balod_NormalRice	512.5969
X_MA493435_Balod_4325_Balod_NormalRice	77.0969
X_MA493541_Balod_4325_Balod_NormalRice	187.6
X_MA493908_Balod_4325_Balod_NormalRice	6949.9971
X_MA493951_Balod_4325_Balod_NormalRice	3551.0
X_MA493974_Balod_4325_Balod_NormalRice	1559.6729
X_MA494054_Balod_4325_Balod_NormalRice	111.3875
X_MA494337_Balod_4325_Balod_NormalRice	1403.851
X_MA494581_Balod_4325_Balod_NormalRice	3760.9981
X_MA494689_Balod_4325_Balod_NormalRice	40.602
X_MA494859_Balod_4325_Balod_NormalRice	375.2
X_MA494895_Balod_4325_Balod_NormalRice	375.2
X_MA495150_Balod_4325_Balod_NormalRice	2818.69
X_MA495288_Balod_4325_Balod_NormalRice	187.6
X_MA495517_Balod_4325_Balod_NormalRice	327.3017
X_MA495580_Balod_4325_Balod_NormalRice	1058.6
X_MA495791_Balod_4325_Balod_NormalRice	104.7478
X_MA495906_Balod_4325_Balod_NormalRice	495.8
X_MA495929_Balod_4325_Balod_NormalRice	29.9021
X_MA496000_Balod_4325_Balod_NormalRice	2869.4023
X_MA496553_Balod_4325_Balod_NormalRice	148.4519
X_MA496616_Balod_4325_Balod_NormalRice	90.0011
X_MA496673_Balod_4325_Balod_NormalRice	188.5983
X_MA496919_Balod_4325_Balod_NormalRice	69.4991
X_MA497300_Balod_4325_Balod_NormalRice	1849.2
X_MA497618_Balod_4325_Balod_NormalRice	4674.5967
X_MA498422_Balod_4325_Balod_NormalRice	1207.6013
X_MA498428_Balod_4325_Balod_NormalRice	2883.4991
X_MA498657_Balod_4325_Balod_NormalRice	1009.9982
X_MA498702_Balod_4325_Balod_NormalRice	1681.8273
X_MA498740_Balod_4325_Balod_NormalRice	733.6031
X_MA498877_Balod_4325_Balod_NormalRice	78.5508
X_MA498906_Balod_4325_Balod_NormalRice	438.4011
X_MA498940_Balod_4325_Balod_NormalRice	187.6
X_MA499043_Balod_4325_Balod_NormalRice	1286.4
X_MA499100_Balod_4325_Balod_NormalRice	295.9993
X_MA499344_Balod_4325_Balod_NormalRice	187.6
X_MA499372_Balod_4325_Balod_NormalRice	275.0015
X_MA499475_Balod_4325_Balod_NormalRice	1745.9128
X_MA499816_Balod_4325_Balod_NormalRice	463.1978
X_MA499836_Balod_4325_Balod_NormalRice	1688.4
X_MA499842_Balod_4325_Balod_NormalRice	1408.0988
X_MA501477_Bemetara_4326_Bemetara_NormalRice	2899.1972
X_MA501861_Bemetara_4326_Bemetara_NormalRice	2713.6273
X_MA502065_Bemetara_4326_Bemetara_NormalRice	0.0067
X_MA502134_Bemetara_4326_Bemetara_NormalRice	1007.8006
X_MA502318_Bemetara_4326_Bemetara_NormalRice	481.3012
X_MA502438_Bemetara_4326_Bemetara_NormalRice	4236.3229
X_MA502517_Bemetara_4326_Bemetara_NormalRice	1452.9017
X_MA502548_Bemetara_4326_Bemetara_NormalRice	871.0
X_MA502636_Bemetara_4326_Bemetara_NormalRice	224.6979
X_MA502786_Bemetara_4326_Bemetara_NormalRice	2438.0027
X_MA503122_Bemetara_4326_Bemetara_NormalRice	338.4974
X_MA503194_Bemetara_4326_Bemetara_NormalRice	265.9967
X_MA503241_Bemetara_4326_Bemetara_NormalRice	409.8993
X_MA503278_Bemetara_4326_Bemetara_NormalRice	35.59080000000006
X_MA503278_Bemetara_5005_Bemetara_NormalRice	205.60919999999993
X_MA503398_Bemetara_4326_Bemetara_NormalRice	650.101
X_MA503507_Bemetara_4326_Bemetara_NormalRice	375.2
X_MA503533_Bemetara_4326_Bemetara_NormalRice	702.3007
X_MA503977_Bemetara_4326_Bemetara_NormalRice	43.2016
X_MA504060_Bemetara_4326_Bemetara_NormalRice	313.08
X_MA504060_Bemetara_4330_Bemetara_NormalRice	169.32
X_MA504758_Bemetara_4326_Bemetara_NormalRice	1465.5982
X_MA504996_Bemetara_4326_Bemetara_NormalRice	444.5986
X_MA505459_Bemetara_4326_Bemetara_NormalRice	0.0067
X_MA505594_Bemetara_4326_Bemetara_NormalRice	4683.1727
X_MA505860_Bemetara_4326_Bemetara_NormalRice	660.7004
X_MA506017_Bemetara_4326_Bemetara_NormalRice	168.9003
X_MA506203_Bemetara_4326_Bemetara_NormalRice	1340.0
X_MA506676_Bemetara_4326_Bemetara_NormalRice	3566.9996
X_MA506842_Bemetara_4326_Bemetara_NormalRice	2077.5025
X_MA506868_Bemetara_4326_Bemetara_NormalRice	3039.1133
X_MA507595_Bemetara_4326_Bemetara_NormalRice	187.6
X_MA508356_Bemetara_4326_Bemetara_NormalRice	847.9989
X_MA508387_Bemetara_4326_Bemetara_NormalRice	1320.4025
X_MA508814_Bemetara_4326_Bemetara_NormalRice	871.0
X_MA509158_Bemetara_4326_Bemetara_NormalRice	187.6
X_MA509195_Bemetara_4326_Bemetara_NormalRice	5958.0018
X_MA509324_Bemetara_4326_Bemetara_NormalRice	139.9027
X_MA509721_Bemetara_4326_Bemetara_NormalRice	4.960399999999993
X_MA509721_Bemetara_5002_Bemetara_NormalRice	169.32
X_MA511217_Gariaband_4409_Gariaband_NormalRice	349.4519
X_MA511970_Gariaband_4409_Gariaband_NormalRice	193.1007
X_MA512340_Gariaband_4409_Gariaband_NormalRice	1225.899
X_MA512545_Gariaband_4409_Gariaband_NormalRice	575.597
X_MA512947_Gariaband_4409_Gariaband_NormalRice	5.1523
X_MA513158_Gariaband_4409_Gariaband_NormalRice	248.8983
X_MA513347_Gariaband_4409_Gariaband_NormalRice	444.86220000000003
X_MA513347_Gariaband_4410_Gariaband_NormalRice	62.10669999999999
X_MA513559_Gariaband_4409_Gariaband_NormalRice	1887.2627
X_MA514477_Gariaband_4409_Gariaband_NormalRice	7476.1012
X_MA515038_Gariaband_4409_Gariaband_NormalRice	75.6028
X_MA515992_Gariaband_4409_Gariaband_NormalRice	111.6488
X_MA516272_Gariaband_4409_Gariaband_NormalRice	546.0491999999999
X_MA516272_Gariaband_4425_Gariaband_NormalRice	102.35
X_MA516604_Gariaband_4409_Gariaband_NormalRice	193.0002
X_MA516681_Gariaband_4409_Gariaband_NormalRice	113.0491
X_MA517331_Gariaband_4409_Gariaband_NormalRice	292.7967
X_MA517577_Gariaband_4409_Gariaband_NormalRice	227.398
X_MA518010_Gariaband_4409_Gariaband_NormalRice	125.2967
X_MA519727_Gariaband_4409_Gariaband_NormalRice	550.867
X_MA519727_Gariaband_4412_Gariaband_NormalRice	296.08
X_MA521294_Sarangarhbilaigarh_4156_Sarangarhbilaigarh_NormalRice	60.4005
X_MA521331_Balodabazar_4405_Balodabazar_NormalRice	1489.4033
X_MA521948_Balodabazar_4408_Balodabazar_NormalRice	76.045
X_MA522003_Balodabazar_4405_Balodabazar_NormalRice	85.8002
X_MA522123_Sarangarhbilaigarh_4149_Sarangarhbilaigarh_NormalRice	3.2026
X_MA522375_Balodabazar_4405_Balodabazar_NormalRice	409.303
X_MA522823_Balodabazar_4405_Balodabazar_NormalRice	1809.4891
X_MA522867_Balodabazar_4405_Balodabazar_NormalRice	856.4007
X_MA523149_Balodabazar_5201_Balodabazar_NormalRice	187.6
X_MA523233_Balodabazar_4405_Balodabazar_NormalRice	182.9033
X_MA523246_Balodabazar_4405_Balodabazar_NormalRice	689.4032
X_MA523251_Balodabazar_4405_Balodabazar_NormalRice	1676.6013
X_MA523624_Sarangarhbilaigarh_4149_Sarangarhbilaigarh_NormalRice	86.2022
X_MA523733_Balodabazar_4405_Balodabazar_NormalRice	356.5003
X_MA523893_Balodabazar_4405_Balodabazar_NormalRice	433.4096
X_MA524357_Balodabazar_4405_Balodabazar_NormalRice	68.6013
X_MA524495_Balodabazar_4405_Balodabazar_NormalRice	1498.7967
X_MA524578_Balodabazar_4405_Balodabazar_NormalRice	273.8022
X_MA524644_Balodabazar_4405_Balodabazar_NormalRice	136.0033
X_MA524978_Balodabazar_4405_Balodabazar_NormalRice	281.4
X_MA525121_Sarangarhbilaigarh_4149_Sarangarhbilaigarh_NormalRice	197.5026
X_MA525511_Balodabazar_4405_Balodabazar_NormalRice	2475.7974
X_MA525522_Balodabazar_4405_Balodabazar_NormalRice	509.2
X_MA525748_Balodabazar_4405_Balodabazar_NormalRice	615.3012
X_MA525768_Balodabazar_4405_Balodabazar_NormalRice	202.9028
X_MA526026_Balodabazar_4405_Balodabazar_NormalRice	807.283
X_MA526329_Balodabazar_4405_Balodabazar_NormalRice	187.6
X_MA526470_Balodabazar_4405_Balodabazar_NormalRice	161.9993
X_MA526493_Balodabazar_4405_Balodabazar_NormalRice	155.2993
X_MA526942_Balodabazar_4405_Balodabazar_NormalRice	126.9985
X_MA527056_Balodabazar_4405_Balodabazar_NormalRice	192.2029
X_MA527589_Balodabazar_4405_Balodabazar_NormalRice	387.9032
X_MA527597_Balodabazar_4405_Balodabazar_NormalRice	187.6
X_MA527698_Balodabazar_4405_Balodabazar_NormalRice	1212.8005
X_MA528207_Balodabazar_4405_Balodabazar_NormalRice	571.7981
X_MA528560_Balodabazar_4405_Balodabazar_NormalRice	3229.4
X_MA528639_Balodabazar_4405_Balodabazar_NormalRice	484.4971
X_MA528685_Balodabazar_4405_Balodabazar_NormalRice	3108.8
X_MA528886_Balodabazar_4405_Balodabazar_NormalRice	255.5983
X_MA528888_Balodabazar_4405_Balodabazar_NormalRice	141.3968
X_MA528969_Balodabazar_4405_Balodabazar_NormalRice	3644.1032
X_MA529037_Balodabazar_4405_Balodabazar_NormalRice	171.52
X_MA529097_Balodabazar_4405_Balodabazar_NormalRice	3055.2
X_MA529249_Balodabazar_4405_Balodabazar_NormalRice	136.0033
X_MA529389_Balodabazar_4405_Balodabazar_NormalRice	137.8994
X_MA529467_Balodabazar_4405_Balodabazar_NormalRice	1755.4
X_MA529564_Balodabazar_4405_Balodabazar_NormalRice	442.2
X_MA529575_Balodabazar_4405_Balodabazar_NormalRice	58.8997
X_MA529699_Balodabazar_4405_Balodabazar_NormalRice	1152.4
X_MA529724_Balodabazar_4405_Balodabazar_NormalRice	471.0300000000001
X_MA529724_Balodabazar_5202_Balodabazar_NormalRice	205.67
X_MA5310896_Manendragarhchirmiribharatpur_5365_Manendragarhchirmiribharatpur_NormalRice	466.23969999999997
X_MA5310896_Manendragarhchirmiribharatpur_5367_Manendragarhchirmiribharatpur_NormalRice	172.21
X_MA531580_Korea_5364_Korea_NormalRice	104.7009
X_MA532021_Manendragarhchirmiribharatpur_5365_Manendragarhchirmiribharatpur_NormalRice	106.2486
X_MA532205_Korea_5364_Korea_NormalRice	3591.2
X_MA532700_Manendragarhchirmiribharatpur_5365_Manendragarhchirmiribharatpur_NormalRice	267.2027
X_MA533175_Manendragarhchirmiribharatpur_5365_Manendragarhchirmiribharatpur_NormalRice	685.7986
X_MA533176_Manendragarhchirmiribharatpur_5365_Manendragarhchirmiribharatpur_NormalRice	1339.2228
X_MA534661_Korea_5364_Korea_NormalRice	1262.7892
X_MA535128_Korea_5364_Korea_NormalRice	804.0
X_MA535179_Korea_5364_Korea_NormalRice	5137.1915
X_MA535474_Korea_5364_Korea_NormalRice	2231.8504
X_MA536825_Korea_5364_Korea_NormalRice	144.2979
X_MA536948_Korea_5364_Korea_NormalRice	209.0802
X_MA537330_Manendragarhchirmiribharatpur_5365_Manendragarhchirmiribharatpur_NormalRice	8832.5028
X_MA537392_Korea_5364_Korea_NormalRice	5205.4712
X_MA537535_Korea_5364_Korea_NormalRice	123.7222
X_MA537686_Korea_5364_Korea_NormalRice	6.2176
X_MA538039_Korea_5364_Korea_NormalRice	5514.1
X_MA53937_Manendragarhchirmiribharatpur_5365_Manendragarhchirmiribharatpur_NormalRice	4687.3468
X_MA541064_Sakti_5470_Sakti_NormalRice	187.6
X_MA5410972_Janjgirchampa_5469_Janjgirchampa_NormalRice	190.9031
X_MA541103_Janjgirchampa_5469_Janjgirchampa_NormalRice	108.0978
X_MA5411052_Janjgirchampa_5468_Janjgirchampa_NormalRice	31.1014
X_MA541155_Janjgirchampa_5466_Janjgirchampa_NormalRice	3949.4894000000004
X_MA541155_Janjgirchampa_5468_Janjgirchampa_NormalRice	264.4086
X_MA541347_Janjgirchampa_5466_Janjgirchampa_NormalRice	138.5024
X_MA541361_Janjgirchampa_5466_Janjgirchampa_NormalRice	160.8
X_MA541393_Sakti_5475_Sakti_NormalRice	182.7023
X_MA541430_Janjgirchampa_5466_Janjgirchampa_NormalRice	2049.3022
X_MA541453_Janjgirchampa_5466_Janjgirchampa_NormalRice	276.3013
X_MA541590_Sakti_5467_Sakti_NormalRice	143.9495
X_MA541591_Janjgirchampa_5466_Janjgirchampa_NormalRice	691.0983
X_MA541606_Janjgirchampa_5466_Janjgirchampa_NormalRice	97.0026
X_MA541702_Janjgirchampa_5466_Janjgirchampa_NormalRice	120.6
X_MA541767_Janjgirchampa_5466_Janjgirchampa_NormalRice	58.5982
X_MA541837_Janjgirchampa_5466_Janjgirchampa_NormalRice	789.5012
X_MA541888_Sakti_5467_Sakti_NormalRice	157.1016
X_MA541919_Janjgirchampa_5466_Janjgirchampa_NormalRice	1589.9971
X_MA541923_Janjgirchampa_5466_Janjgirchampa_NormalRice	71.7972
X_MA541937_Janjgirchampa_5466_Janjgirchampa_NormalRice	140.3516
X_MA542073_Janjgirchampa_5466_Janjgirchampa_NormalRice	33.0511
X_MA542155_Sakti_5467_Sakti_NormalRice	140.9479
X_MA542495_Janjgirchampa_5466_Janjgirchampa_NormalRice	186.3471
X_MA542512_Sakti_5467_Sakti_NormalRice	70.1021
X_MA542528_Sakti_5467_Sakti_NormalRice	230.2991
X_MA542627_Janjgirchampa_5466_Janjgirchampa_NormalRice	115.1998
X_MA542694_Janjgirchampa_5466_Janjgirchampa_NormalRice	260.6032
X_MA542728_Sakti_5467_Sakti_NormalRice	274.1975
X_MA542762_Janjgirchampa_5466_Janjgirchampa_NormalRice	53.6
X_MA542784_Janjgirchampa_5466_Janjgirchampa_NormalRice	149.6981
X_MA542793_Janjgirchampa_5466_Janjgirchampa_NormalRice	142.3013
X_MA543083_Sakti_5467_Sakti_NormalRice	87.502
X_MA543098_Sakti_5467_Sakti_NormalRice	106.7511
X_MA543424_Sakti_5467_Sakti_NormalRice	171.6004
X_MA543450_Janjgirchampa_5466_Janjgirchampa_NormalRice	124.5999
X_MA543828_Janjgirchampa_5466_Janjgirchampa_NormalRice	268.402
X_MA543830_Janjgirchampa_5466_Janjgirchampa_NormalRice	118.2014
X_MA544111_Janjgirchampa_5466_Janjgirchampa_NormalRice	70.0016
X_MA544606_Sakti_5467_Sakti_NormalRice	299.0478
X_MA544652_Sakti_5467_Sakti_NormalRice	171.7009
X_MA544824_Janjgirchampa_5466_Janjgirchampa_NormalRice	764.7983
X_MA544927_Janjgirchampa_5466_Janjgirchampa_NormalRice	772.8986
X_MA545050_Janjgirchampa_5466_Janjgirchampa_NormalRice	30.1969
X_MA545219_Janjgirchampa_5466_Janjgirchampa_NormalRice	191.553
X_MA545476_Sakti_5467_Sakti_NormalRice	274.2511
X_MA545674_Janjgirchampa_5466_Janjgirchampa_NormalRice	256.1008
X_MA545683_Janjgirchampa_5466_Janjgirchampa_NormalRice	210.0986
X_MA546017_Janjgirchampa_5466_Janjgirchampa_NormalRice	138.4019
X_MA546080_Sakti_5467_Sakti_NormalRice	85.5992
X_MA546140_Janjgirchampa_5466_Janjgirchampa_NormalRice	176.5986
X_MA546195_Janjgirchampa_5466_Janjgirchampa_NormalRice	180.0491
X_MA546467_Janjgirchampa_5466_Janjgirchampa_NormalRice	4.2009
X_MA54661_Janjgirchampa_5466_Janjgirchampa_NormalRice	200.7789
X_MA546845_Janjgirchampa_5466_Janjgirchampa_NormalRice	94.7983
X_MA547226_Sakti_5467_Sakti_NormalRice	117.5984
X_MA547557_Janjgirchampa_5466_Janjgirchampa_NormalRice	154.9911
X_MA548007_Janjgirchampa_5466_Janjgirchampa_NormalRice	23.247800000000012
X_MA548007_Janjgirchampa_5469_Janjgirchampa_NormalRice	55.34989999999999
X_MA548365_Janjgirchampa_5466_Janjgirchampa_NormalRice	285.1989
X_MA548508_Janjgirchampa_5469_Janjgirchampa_NormalRice	370.2018
X_MA548582_Sakti_5467_Sakti_NormalRice	226.99399999999997
X_MA548582_Sakti_5473_Sakti_NormalRice	115.40280000000001
X_MA549306_Janjgirchampa_5469_Janjgirchampa_NormalRice	70.4974
X_MA549515_Sakti_5467_Sakti_NormalRice	44.9972
X_MA549867_Sakti_5467_Sakti_NormalRice	273.1992
X_MA551072_Korba_5573_Korba_NormalRice	154.0732
X_MA551112_Korba_5571_Korba_NormalRice	6.8004999999999995
X_MA551226_Korba_5571_Korba_NormalRice	104.3994
X_MA551334_Korba_5571_Korba_NormalRice	4759.8006
X_MA551337_Korba_5571_Korba_NormalRice	897.8
X_MA551339_Korba_5571_Korba_NormalRice	2336.3972
X_MA551349_Korba_5571_Korba_NormalRice	1364.4215
X_MA551362_Korba_5571_Korba_NormalRice	3122.2
X_MA551363_Korba_5571_Korba_NormalRice	1250.4009
X_MA551396_Korba_5571_Korba_NormalRice	5150.3972
X_MA551408_Korba_5571_Korba_NormalRice	216.1018
X_MA551578_Korba_5571_Korba_NormalRice	1264.9801
X_MA551586_Korba_5571_Korba_NormalRice	1809.0
X_MA551601_Korba_5571_Korba_NormalRice	2275.3602
X_MA551615_Korba_5571_Korba_NormalRice	2833.2022
X_MA551640_Korba_5571_Korba_NormalRice	2626.4
X_MA551674_Korba_5571_Korba_NormalRice	2063.6
X_MA551685_Korba_5571_Korba_NormalRice	667.1994
X_MA551788_Korba_5571_Korba_NormalRice	495.8
X_MA551849_Korba_5571_Korba_NormalRice	56.4006
X_MA551867_Korba_5571_Korba_NormalRice	537.7889
X_MA552046_Korba_5571_Korba_NormalRice	215.8332
X_MA552046_Korba_5573_Korba_NormalRice	159.36679999999998
X_MA552088_Korba_5571_Korba_NormalRice	1006.5812
X_MA552156_Korba_5571_Korba_NormalRice	187.6
X_MA552250_Korba_5571_Korba_NormalRice	2375.7597
X_MA552267_Korba_5571_Korba_NormalRice	36.0527
X_MA552467_Korba_5571_Korba_NormalRice	1447.2
X_MA552546_Korba_5571_Korba_NormalRice	629.8
X_MA552642_Korba_5571_Korba_NormalRice	0.871
X_MA552649_Korba_5571_Korba_NormalRice	93.5722
X_MA552702_Korba_5571_Korba_NormalRice	5941.1312
X_MA552778_Korba_5571_Korba_NormalRice	69.4522
X_MA552836_Korba_5571_Korba_NormalRice	214.4
X_MA552838_Korba_5571_Korba_NormalRice	169.9991
X_MA553279_Korba_5571_Korba_NormalRice	3845.8
X_MA553541_Korba_5571_Korba_NormalRice	1172.5
X_MA554085_Korba_5571_Korba_NormalRice	3939.6
X_MA554143_Korba_5571_Korba_NormalRice	660.4793
X_MA554340_Korba_5571_Korba_NormalRice	1.2931
X_MA554398_Korba_5571_Korba_NormalRice	7504.0
X_MA554421_Korba_5571_Korba_NormalRice	1152.4
X_MA554426_Korba_5571_Korba_NormalRice	811.6715
X_MA554655_Korba_5571_Korba_NormalRice	2611.4992
X_MA554672_Korba_5571_Korba_NormalRice	2321.2016
X_MA554998_Korba_5571_Korba_NormalRice	224.2021
X_MA555265_Korba_5571_Korba_NormalRice	683.9628
X_MA555328_Korba_5571_Korba_NormalRice	187.6
X_MA555368_Korba_5571_Korba_NormalRice	2177.5
X_MA555900_Korba_5571_Korba_NormalRice	4249.8033
X_MA556158_Korba_5571_Korba_NormalRice	375.2
X_MA556455_Korba_5571_Korba_NormalRice	1855.9
X_MA556547_Korba_5571_Korba_NormalRice	3922.8031
X_MA556587_Korba_5571_Korba_NormalRice	2432.703
X_MA556590_Korba_5571_Korba_NormalRice	860.6016
X_MA556810_Korba_5571_Korba_NormalRice	89.1033
X_MA557040_Korba_5571_Korba_NormalRice	648.6002
X_MA557323_Korba_5571_Korba_NormalRice	5802.2
X_MA557612_Korba_5571_Korba_NormalRice	536.0
X_MA557769_Korba_5571_Korba_NormalRice	219.5992
X_MA558061_Korba_5571_Korba_NormalRice	1876.0
X_MA558322_Korba_5571_Korba_NormalRice	1246.2
X_MA558413_Korba_5571_Korba_NormalRice	1560.9995
X_MA558614_Korba_5571_Korba_NormalRice	995.017
X_MA558617_Korba_5571_Korba_NormalRice	187.6
X_MA559243_Korba_5571_Korba_NormalRice	71.7972
X_MA559435_Korba_5571_Korba_NormalRice	911.2
X_MA559558_Korba_5571_Korba_NormalRice	8340.1131
X_MA559644_Korba_5571_Korba_NormalRice	273.092
X_MA559782_Korba_5571_Korba_NormalRice	289.8018
X_MA559922_Korba_5571_Korba_NormalRice	476.7499999999999
X_MA559922_Korba_5572_Korba_NormalRice	648.85
X_MA561176_Jashpur_5654_Jashpur_NormalRice	2921.93
X_MA561176_Jashpur_5656_Jashpur_NormalRice	307.88
X_MA561176_Jashpur_5657_Jashpur_NormalRice	298.91
X_MA561176_Jashpur_5658_Jashpur_NormalRice	223.28
X_MA561221_Jashpur_5654_Jashpur_NormalRice	3117.0595000000003
X_MA561221_Jashpur_5655_Jashpur_NormalRice	162.49
X_MA561353_Jashpur_5654_Jashpur_NormalRice	3880.6333
X_MA561381_Jashpur_5654_Jashpur_NormalRice	1474.0
X_MA561782_Jashpur_5654_Jashpur_NormalRice	501.6491
X_MA561797_Jashpur_5654_Jashpur_NormalRice	1984.2988
X_MA561985_Jashpur_5654_Jashpur_NormalRice	1149.8004
X_MA562039_Jashpur_5654_Jashpur_NormalRice	625.0497
X_MA562043_Jashpur_5654_Jashpur_NormalRice	4338.652
X_MA563441_Jashpur_5654_Jashpur_NormalRice	30.4984
X_MA563754_Jashpur_5654_Jashpur_NormalRice	378.8984
X_MA563765_Jashpur_5654_Jashpur_NormalRice	898.2958
X_MA563879_Jashpur_5654_Jashpur_NormalRice	1496.2976
X_MA563945_Jashpur_5654_Jashpur_NormalRice	281.4
X_MA564019_Jashpur_5654_Jashpur_NormalRice	60.3
X_MA564192_Jashpur_5654_Jashpur_NormalRice	3564.4
X_MA564472_Jashpur_5654_Jashpur_NormalRice	117.7994
X_MA564520_Jashpur_5654_Jashpur_NormalRice	65.1977
X_MA564747_Jashpur_5654_Jashpur_NormalRice	394.0471
X_MA565082_Jashpur_5654_Jashpur_NormalRice	1849.2
X_MA565105_Jashpur_5654_Jashpur_NormalRice	3752.0
X_MA565116_Jashpur_5654_Jashpur_NormalRice	139.2997
X_MA565420_Jashpur_5654_Jashpur_NormalRice	3752.0
X_MA565622_Jashpur_5654_Jashpur_NormalRice	3989.8969
X_MA565666_Jashpur_5654_Jashpur_NormalRice	3466.8547
X_MA565731_Jashpur_5654_Jashpur_NormalRice	3934.0993
X_MA565980_Jashpur_5654_Jashpur_NormalRice	201.0
X_MA566802_Jashpur_5654_Jashpur_NormalRice	878.4973
X_MA566951_Jashpur_5654_Jashpur_NormalRice	360.9022
X_MA567016_Jashpur_5654_Jashpur_NormalRice	5440.4
X_MA567031_Jashpur_5654_Jashpur_NormalRice	24.7967
X_MA567038_Jashpur_5654_Jashpur_NormalRice	1225.1151
X_MA567379_Jashpur_5654_Jashpur_NormalRice	2740.4005
X_MA567643_Jashpur_5654_Jashpur_NormalRice	199.0503
X_MA568022_Jashpur_5654_Jashpur_NormalRice	179.7007
X_MA568124_Jashpur_5654_Jashpur_NormalRice	6126.3527
X_MA568133_Jashpur_5654_Jashpur_NormalRice	319.8982
X_MA568328_Jashpur_5654_Jashpur_NormalRice	1528.2968
X_MA568622_Jashpur_5654_Jashpur_NormalRice	4152.5193
X_MA569075_Jashpur_5654_Jashpur_NormalRice	716.4042
X_MA569730_Jashpur_5654_Jashpur_NormalRice	820.7031
X_MA571089_Kabirdham_5737_Kabirdham_NormalRice	115.9033
X_MA571801_Kabirdham_5735_Kabirdham_NormalRice	192.7992
X_MA571976_Kabirdham_5735_Kabirdham_NormalRice	311.5969
X_MA572029_Kabirdham_5735_Kabirdham_NormalRice	223.1971
X_MA572033_Kabirdham_5735_Kabirdham_NormalRice	948.3984
X_MA572055_Kabirdham_5735_Kabirdham_NormalRice	2626.4
X_MA572059_Kabirdham_5735_Kabirdham_NormalRice	572.5016
X_MA572066_Kabirdham_5735_Kabirdham_NormalRice	71.6029
X_MA572067_Kabirdham_5735_Kabirdham_NormalRice	2251.2
X_MA572080_Kabirdham_5735_Kabirdham_NormalRice	1433.8
X_MA572133_Kabirdham_5735_Kabirdham_NormalRice	342.9998
X_MA572181_Kabirdham_5735_Kabirdham_NormalRice	703.098
X_MA572426_Kabirdham_5735_Kabirdham_NormalRice	2713.3995
X_MA572440_Kabirdham_5735_Kabirdham_NormalRice	334.1022
X_MA572529_Kabirdham_5735_Kabirdham_NormalRice	72.6012
X_MA572559_Kabirdham_5735_Kabirdham_NormalRice	758.3998
X_MA572583_Kabirdham_5735_Kabirdham_NormalRice	416.3983
X_MA572586_Kabirdham_5735_Kabirdham_NormalRice	2050.7025
X_MA572591_Kabirdham_5735_Kabirdham_NormalRice	192.1024
X_MA572773_Kabirdham_5735_Kabirdham_NormalRice	85.4987
X_MA573097_Kabirdham_5735_Kabirdham_NormalRice	142.8507
X_MA573165_Kabirdham_5735_Kabirdham_NormalRice	3229.2995
X_MA573330_Kabirdham_5735_Kabirdham_NormalRice	666.5026
X_MA573587_Kabirdham_5735_Kabirdham_NormalRice	315.7509
X_MA573639_Kabirdham_5735_Kabirdham_NormalRice	1672.9029
X_MA573650_Kabirdham_5735_Kabirdham_NormalRice	711.6003
X_MA573768_Kabirdham_5735_Kabirdham_NormalRice	585.6001
X_MA573848_Kabirdham_5735_Kabirdham_NormalRice	871.0
X_MA573871_Kabirdham_5735_Kabirdham_NormalRice	85.5992
X_MA573939_Kabirdham_5735_Kabirdham_NormalRice	891.1
X_MA574308_Kabirdham_5735_Kabirdham_NormalRice	1524.7994
X_MA574406_Kabirdham_5735_Kabirdham_NormalRice	3073.8528
X_MA574535_Kabirdham_5735_Kabirdham_NormalRice	27.202
X_MA574560_Kabirdham_5735_Kabirdham_NormalRice	1689.9035999999999
X_MA574560_Kabirdham_5736_Kabirdham_NormalRice	238.5976
X_MA574746_Kabirdham_5735_Kabirdham_NormalRice	702.5017
X_MA575076_Kabirdham_5735_Kabirdham_NormalRice	2170.8
X_MA575142_Kabirdham_5735_Kabirdham_NormalRice	141.102
X_MA575579_Kabirdham_5735_Kabirdham_NormalRice	703.5
X_MA575691_Kabirdham_5735_Kabirdham_NormalRice	544.3013
X_MA576078_Kabirdham_5735_Kabirdham_NormalRice	85.1972
X_MA576433_Kabirdham_5735_Kabirdham_NormalRice	65.2982
X_MA576444_Kabirdham_5735_Kabirdham_NormalRice	431.0981
X_MA576696_Kabirdham_5735_Kabirdham_NormalRice	4434.1002
X_MA577758_Kabirdham_5735_Kabirdham_NormalRice	2229.6997
X_MA577815_Kabirdham_5735_Kabirdham_NormalRice	358.1016
X_MA578743_Kabirdham_5735_Kabirdham_NormalRice	2243.897
X_MA578931_Kabirdham_5735_Kabirdham_NormalRice	2532.6
X_MA579235_Kabirdham_5735_Kabirdham_NormalRice	142.6028
X_MA579438_Kabirdham_5735_Kabirdham_NormalRice	399.4004
X_MA579484_Kabirdham_5735_Kabirdham_NormalRice	5.4002
X_MA579613_Kabirdham_5735_Kabirdham_NormalRice	716.498
X_MA579825_Kabirdham_5735_Kabirdham_NormalRice	359.7967
X_MA579936_Kabirdham_5736_Kabirdham_NormalRice	106.9024
X_MA579936_Kabirdham_5737_Kabirdham_NormalRice	327.8567
X_MA579936_Kabirdham_5738_Kabirdham_NormalRice	284.64
X_MA5810123_Mahasamund_5820_Mahasamund_NormalRice	3065.1775000000002
X_MA5810123_Mahasamund_5821_Mahasamund_NormalRice	192.79
X_MA5810123_Mahasamund_5822_Mahasamund_NormalRice	421.87
X_MA5810123_Mahasamund_5823_Mahasamund_NormalRice	244.42
X_MA5810123_Mahasamund_5824_Mahasamund_NormalRice	302.94
X_MA5810416_Mahasamund_5820_Mahasamund_NormalRice	4288.0
X_MA5811017_Mahasamund_5820_Mahasamund_NormalRice	1045.2
X_MA5811033_Mahasamund_5820_Mahasamund_NormalRice	604.9028
X_MA581279_Mahasamund_5820_Mahasamund_NormalRice	224.6979
X_MA581527_Mahasamund_5820_Mahasamund_NormalRice	5434.5978
X_MA581542_Mahasamund_5820_Mahasamund_NormalRice	32.3007
X_MA581567_Mahasamund_5820_Mahasamund_NormalRice	2818.4019
X_MA581598_Mahasamund_5820_Mahasamund_NormalRice	31.3024
X_MA581614_Mahasamund_5820_Mahasamund_NormalRice	5860.3024
X_MA581624_Mahasamund_5820_Mahasamund_NormalRice	1685.5994
X_MA581665_Mahasamund_5820_Mahasamund_NormalRice	2914.299
X_MA581790_Mahasamund_5820_Mahasamund_NormalRice	220.4032
X_MA581812_Mahasamund_5820_Mahasamund_NormalRice	97.1031
X_MA581829_Mahasamund_5820_Mahasamund_NormalRice	128.7003
X_MA581847_Mahasamund_5820_Mahasamund_NormalRice	120.6
X_MA58189_Mahasamund_5820_Mahasamund_NormalRice	144.3984
X_MA581920_Mahasamund_5820_Mahasamund_NormalRice	438.8969
X_MA582008_Mahasamund_5820_Mahasamund_NormalRice	2218.6715
X_MA582056_Mahasamund_5820_Mahasamund_NormalRice	256.7976
X_MA582100_Mahasamund_5820_Mahasamund_NormalRice	167.299
X_MA582120_Mahasamund_5820_Mahasamund_NormalRice	4434.7032
X_MA582243_Mahasamund_5820_Mahasamund_NormalRice	696.8
X_MA582301_Mahasamund_5820_Mahasamund_NormalRice	114.0005
X_MA582382_Mahasamund_5820_Mahasamund_NormalRice	170.6021
X_MA582393_Mahasamund_5820_Mahasamund_NormalRice	685.0013
X_MA582395_Mahasamund_5820_Mahasamund_NormalRice	2371.8
X_MA582414_Mahasamund_5820_Mahasamund_NormalRice	216.3028
X_MA582451_Mahasamund_5820_Mahasamund_NormalRice	777.2
X_MA582479_Mahasamund_5820_Mahasamund_NormalRice	95.9976
X_MA582614_Mahasamund_5820_Mahasamund_NormalRice	256.2013
X_MA582616_Mahasamund_5820_Mahasamund_NormalRice	66.1022
X_MA582666_Mahasamund_5820_Mahasamund_NormalRice	2704.7967
X_MA582744_Mahasamund_5820_Mahasamund_NormalRice	2425.4
X_MA582766_Mahasamund_5820_Mahasamund_NormalRice	2170.8
X_MA583004_Mahasamund_5820_Mahasamund_NormalRice	3477.3
X_MA583053_Mahasamund_5820_Mahasamund_NormalRice	224.5974
X_MA583232_Mahasamund_5820_Mahasamund_NormalRice	192.7992
X_MA583584_Mahasamund_5820_Mahasamund_NormalRice	321.6
X_MA583590_Mahasamund_5820_Mahasamund_NormalRice	31.5972
X_MA583725_Mahasamund_5820_Mahasamund_NormalRice	938.0
X_MA583750_Mahasamund_5820_Mahasamund_NormalRice	115.6018
X_MA583942_Mahasamund_5820_Mahasamund_NormalRice	891.2005
X_MA58405_Mahasamund_5820_Mahasamund_NormalRice	280.6027
X_MA584077_Mahasamund_5820_Mahasamund_NormalRice	85.5992
X_MA584102_Mahasamund_5820_Mahasamund_NormalRice	4235.6998
X_MA584106_Mahasamund_5820_Mahasamund_NormalRice	428.8
X_MA584203_Mahasamund_5820_Mahasamund_NormalRice	5307.3983
X_MA584283_Mahasamund_5820_Mahasamund_NormalRice	375.2
X_MA58456_Mahasamund_5820_Mahasamund_NormalRice	4401.9
X_MA584664_Mahasamund_5820_Mahasamund_NormalRice	2098.9023
X_MA584715_Mahasamund_5820_Mahasamund_NormalRice	2110.5
X_MA585004_Mahasamund_5820_Mahasamund_NormalRice	265.0989
X_MA58506_Mahasamund_5820_Mahasamund_NormalRice	1831.1971
X_MA585531_Mahasamund_5820_Mahasamund_NormalRice	1112.2
X_MA585780_Mahasamund_5820_Mahasamund_NormalRice	2109.6022
X_MA585786_Mahasamund_5820_Mahasamund_NormalRice	2599.6
X_MA585795_Mahasamund_5820_Mahasamund_NormalRice	39.1012
X_MA585977_Mahasamund_5820_Mahasamund_NormalRice	4.288
X_MA585989_Mahasamund_5820_Mahasamund_NormalRice	93.0027
X_MA586077_Mahasamund_5820_Mahasamund_NormalRice	160.8
X_MA586367_Mahasamund_5820_Mahasamund_NormalRice	1507.6005
X_MA586888_Mahasamund_5820_Mahasamund_NormalRice	2077.0
X_MA586985_Mahasamund_5820_Mahasamund_NormalRice	204.8994
X_MA587363_Mahasamund_5820_Mahasamund_NormalRice	2248.4999
X_MA58755_Mahasamund_5820_Mahasamund_NormalRice	503.1968
X_MA587869_Mahasamund_5820_Mahasamund_NormalRice	5810.4008
X_MA588139_Mahasamund_5820_Mahasamund_NormalRice	1554.4
X_MA588264_Mahasamund_5820_Mahasamund_NormalRice	141.5978
X_MA588267_Mahasamund_5820_Mahasamund_NormalRice	1355.3028
X_MA588414_Mahasamund_5820_Mahasamund_NormalRice	355.1
X_MA58847_Mahasamund_5820_Mahasamund_NormalRice	0.1005
X_MA588620_Mahasamund_5820_Mahasamund_NormalRice	958.1
X_MA588957_Mahasamund_5820_Mahasamund_NormalRice	1474.1005
X_MA589164_Mahasamund_5820_Mahasamund_NormalRice	234.5
X_MA589199_Mahasamund_5820_Mahasamund_NormalRice	136.7001
X_MA589437_Mahasamund_5820_Mahasamund_NormalRice	901.5989
X_MA589687_Mahasamund_5820_Mahasamund_NormalRice	58.3972
X_MA589741_Mahasamund_5820_Mahasamund_NormalRice	191.1979
X_MA5910202_Dhamtari_5919_Dhamtari_NormalRice	56.8026
X_MA591020_Dhamtari_5915_Dhamtari_NormalRice	2471.9315
X_MA591202_Dhamtari_5915_Dhamtari_NormalRice	2737.1376
X_MA591243_Dhamtari_5915_Dhamtari_NormalRice	36.0393
X_MA591257_Dhamtari_5915_Dhamtari_NormalRice	374.6774
X_MA591268_Dhamtari_5915_Dhamtari_NormalRice	194.8293
X_MA591295_Dhamtari_5915_Dhamtari_NormalRice	272.9982
X_MA591390c_Dhamtari_6201_Bijapur_IntNormalRice	1259.6
X_MA591589_Dhamtari_5915_Dhamtari_NormalRice	1272.8794
X_MA59158_Dhamtari_5915_Dhamtari_NormalRice	4201.2216
X_MA591625_Dhamtari_5915_Dhamtari_NormalRice	160.8
X_MA591708_Dhamtari_5915_Dhamtari_NormalRice	4282.5328
X_MA59173_Dhamtari_5915_Dhamtari_NormalRice	674.7972
X_MA591764_Dhamtari_5915_Dhamtari_NormalRice	2.5996
X_MA591822_Dhamtari_5915_Dhamtari_NormalRice	224.2021
X_MA592025_Dhamtari_5915_Dhamtari_NormalRice	2063.6
X_MA592075_Dhamtari_5915_Dhamtari_NormalRice	62.3569
X_MA592103_Dhamtari_5915_Dhamtari_NormalRice	94.3628
X_MA592175_Dhamtari_5915_Dhamtari_NormalRice	69.7805
X_MA592247_Dhamtari_5915_Dhamtari_NormalRice	642.7176
X_MA592278_Dhamtari_5915_Dhamtari_NormalRice	240.3692
X_MA592364_Dhamtari_5915_Dhamtari_NormalRice	181.4092
X_MA59238_Dhamtari_5915_Dhamtari_NormalRice	1703.6224
X_MA592444_Dhamtari_5915_Dhamtari_NormalRice	5359.1826
X_MA592561_Dhamtari_5915_Dhamtari_NormalRice	171.2721
X_MA592593_Dhamtari_5915_Dhamtari_NormalRice	0.5829
X_MA592620_Dhamtari_5915_Dhamtari_NormalRice	191.62
X_MA592897_Dhamtari_5915_Dhamtari_NormalRice	58.6987
X_MA592898_Dhamtari_5915_Dhamtari_NormalRice	241.2
X_MA592964_Dhamtari_6201_Bijapur_IntNormalRice	1929.6
X_MA59297_Dhamtari_5915_Dhamtari_NormalRice	177.5768
X_MA593153_Dhamtari_5915_Dhamtari_NormalRice	154.0933
X_MA593168_Dhamtari_5915_Dhamtari_NormalRice	2227.6026
X_MA593438_Dhamtari_5915_Dhamtari_NormalRice	938.0
X_MA593462_Dhamtari_5915_Dhamtari_NormalRice	897.8
X_MA594248_Dhamtari_5915_Dhamtari_NormalRice	515.9
X_MA594248c_Dhamtari_6201_Bijapur_IntNormalRice	2465.6
X_MA594271_Dhamtari_5915_Dhamtari_NormalRice	110.2619
X_MA594435_Dhamtari_5915_Dhamtari_NormalRice	633.3309
X_MA59446_Dhamtari_5915_Dhamtari_NormalRice	137.4974
X_MA594489_Dhamtari_5915_Dhamtari_NormalRice	959.239
X_MA595325c_Dhamtari_6201_Bijapur_IntNormalRice	5748.6
X_MA596057_Dhamtari_5915_Dhamtari_NormalRice	743.8738000000001
X_MA596057_Dhamtari_5919_Dhamtari_NormalRice	168.9074
X_MA596057_Dhamtari_6201_Bijapur_IntNormalRice	404.43
X_MA596057_Dhamtari_6203_Bijapur_IntNormalRice	64.57
X_MA596857_Dhamtari_5915_Dhamtari_NormalRice	3752.0
X_MA596994_Dhamtari_5915_Dhamtari_NormalRice	871.0
X_MA59748_Dhamtari_5915_Dhamtari_NormalRice	1125.6
X_MA597749_Dhamtari_5915_Dhamtari_NormalRice	1471.789
X_MA597915_Dhamtari_5915_Dhamtari_NormalRice	1407.0
X_MA598219_Dhamtari_5915_Dhamtari_NormalRice	3614.4892
X_MA598666_Dhamtari_5915_Dhamtari_NormalRice	227.8
X_MA599206_Dhamtari_5915_Dhamtari_NormalRice	2133.2867
X_MA599392_Dhamtari_5915_Dhamtari_NormalRice	9.0584
X_MA599661c_Dhamtari_6201_Bijapur_IntNormalRice	234.5
X_MA599678_Dhamtari_5915_Dhamtari_NormalRice	856.4072
X_MA599678_Dhamtari_5918_Dhamtari_NormalRice	488.39
X_MA599907c_Dhamtari_6201_Bijapur_IntNormalRice	589.6
X_MA601124_Kanker_6080_Kanker_NormalRice	1600.952
X_MA601124_Kanker_6082_Kanker_NormalRice	172.69
X_MA601124_Kanker_6085_Kanker_NormalRice	169.76
X_MA601124c_Kanker_6201_Bijapur_IntNormalRice	68.8023
X_MA601532_Kanker_6080_Kanker_NormalRice	1683.04
X_MA601532_Kanker_6081_Kanker_NormalRice	125.96
X_MA601557_Kanker_6080_Kanker_NormalRice	149.1018
X_MA601647_Kanker_6080_Kanker_NormalRice	24.8972
X_MA601719_Kanker_6080_Kanker_NormalRice	6.901
X_MA601773_Kanker_6080_Kanker_NormalRice	0.0469
X_MA601908_Kanker_6080_Kanker_NormalRice	742.9027
X_MA601915_Kanker_6080_Kanker_NormalRice	201.402
X_MA601988_Kanker_6080_Kanker_NormalRice	1125.6
X_MA602273_Kanker_6080_Kanker_NormalRice	138.3014
X_MA602355_Kanker_6080_Kanker_NormalRice	120.6
X_MA602556_Kanker_6080_Kanker_NormalRice	141.3968
X_MA602567_Kanker_6080_Kanker_NormalRice	138.9982
X_MA602952_Kanker_6080_Kanker_NormalRice	1125.6
X_MA603101_Kanker_6080_Kanker_NormalRice	99.58
X_MA603101_Kanker_6084_Kanker_NormalRice	88.02
X_MA603250_Kanker_6080_Kanker_NormalRice	3275.697
X_MA603596_Kanker_6080_Kanker_NormalRice	101.0224
X_MA603596_Kanker_6086_Kanker_NormalRice	44.18
X_MA603705_Kanker_6080_Kanker_NormalRice	546.8004
X_MA604338_Kanker_6080_Kanker_NormalRice	44.1999
X_MA604377_Kanker_6080_Kanker_NormalRice	139.1992
X_MA604532_Kanker_6080_Kanker_NormalRice	750.4
X_MA604732_Kanker_6080_Kanker_NormalRice	180.8732
X_MA605371_Kanker_6080_Kanker_NormalRice	1031.8
X_MA605949_Kanker_6080_Kanker_NormalRice	824.09
X_MA605949_Kanker_6083_Kanker_NormalRice	113.91
X_MA606596_Kanker_6080_Kanker_NormalRice	134.201
X_MA606596c_Kanker_6201_Bijapur_IntNormalRice	89.4986
X_MA60779_Kanker_6080_Kanker_NormalRice	350.3028
X_MA60779c_Kanker_6201_Bijapur_IntNormalRice	205.35950000000003
X_MA60779c_Kanker_6202_Bijapur_IntNormalRice	82.64
X_MA607824_Kanker_6080_Kanker_NormalRice	377.2971
X_MA608296_Kanker_6080_Kanker_NormalRice	227.599
X_MA608534_Kanker_6080_Kanker_NormalRice	958.3479
X_MA608680_Kanker_6080_Kanker_NormalRice	58.8997
X_MA608737_Kanker_6080_Kanker_NormalRice	283.0683
X_MA608785_Kanker_6080_Kanker_NormalRice	60.903
X_MA608785c_Kanker_6201_Bijapur_IntNormalRice	89.1033
X_MA609020_Kanker_6080_Kanker_NormalRice	3006.0218
X_MA609020_Kanker_6087_Kanker_NormalRice	44.18
X_MA609126_Kanker_6080_Kanker_NormalRice	1891.7986
X_MA609218_Kanker_6080_Kanker_NormalRice	1038.5
X_MA609289_Kanker_6080_Kanker_NormalRice	46.9
X_MA609321_Kanker_6080_Kanker_NormalRice	938.0
X_MA609633_Kanker_6080_Kanker_NormalRice	262.9013
X_MA609902_Kanker_6080_Kanker_NormalRice	1057.8027
X_MA609994_Kanker_6080_Kanker_NormalRice	43.6974
X_MA61369_Sukma_6179_Sukma_NormalRice	76.3532
X_MA61384_Sukma_6179_Sukma_NormalRice	1191.3002
X_MA615766_Dantewada_6180_Dantewada_NormalRice	860.1404
X_MA615766_Dantewada_6181_Dantewada_NormalRice	148.96
X_MA616292_Dantewada_6180_Dantewada_NormalRice	10293.3976
X_MA617165_Dantewada_6180_Dantewada_NormalRice	2580.2973
X_MA617924_Dantewada_6180_Dantewada_NormalRice	18.1972
X_MA618989_Dantewada_6180_Dantewada_NormalRice	3174.9315
X_MA618989_Dantewada_6182_Dantewada_NormalRice	88.27
X_MA622540_Bijapur_6201_Bijapur_NormalRice	770.5
X_MA622554_Bijapur_6201_Bijapur_NormalRice	1322.7475
X_MA631384_Mungeli_6301_Mungeli_NormalRice	162.0998
X_MA631551_Mungeli_6301_Mungeli_NormalRice	2251.2
X_MA631564_Mungeli_6301_Mungeli_NormalRice	29.5001
X_MA631926_Mungeli_6301_Mungeli_NormalRice	150.9979
X_MA632325_Mungeli_6301_Mungeli_NormalRice	178.9972
X_MA632949_Mungeli_6301_Mungeli_NormalRice	449.8983
X_MA633154_Mungeli_6301_Mungeli_NormalRice	1007.1976
X_MA633205_Mungeli_6301_Mungeli_NormalRice	787.0021
X_MA634386_Mungeli_6301_Mungeli_NormalRice	256.1008
X_MA634526_Mungeli_6301_Mungeli_NormalRice	643.2
X_MA634898_Mungeli_6301_Mungeli_NormalRice	232.0478
X_MA635743_Mungeli_6301_Mungeli_NormalRice	147.0985
X_MA636161_Mungeli_6301_Mungeli_NormalRice	28.9976
X_MA636241_Mungeli_6301_Mungeli_NormalRice	221.9978
X_MA636516_Mungeli_6301_Mungeli_NormalRice	482.4
X_MA637246_Mungeli_6301_Mungeli_NormalRice	3342.4022
X_MA638491_Mungeli_6301_Mungeli_NormalRice	99.2471
X_MA638579_Mungeli_6301_Mungeli_NormalRice	310.9001
X_MA639390_Mungeli_6301_Mungeli_NormalRice	8151.9972
X_MA639910_Mungeli_6301_Mungeli_NormalRice	192.7992
X_MA643773_Gaurelapendramarwahi_4043_Gaurelapendramarwahi_NormalRice	2251.2
X_MA644583_Gaurelapendramarwahi_4043_Gaurelapendramarwahi_NormalRice	1110.1967
X_MA644646_Gaurelapendramarwahi_4043_Gaurelapendramarwahi_NormalRice	2725.4997
X_MA645053_Gaurelapendramarwahi_4043_Gaurelapendramarwahi_NormalRice	36.85
X_MA645749_Gaurelapendramarwahi_4043_Gaurelapendramarwahi_NormalRice	820.6026
X_MA647910_Gaurelapendramarwahi_4043_Gaurelapendramarwahi_NormalRice	160.1032
X_MA648537_Gaurelapendramarwahi_4043_Gaurelapendramarwahi_NormalRice	137.0016
X_MA648611_Gaurelapendramarwahi_4043_Gaurelapendramarwahi_NormalRice	2487.7033
X_MA648997_Gaurelapendramarwahi_4043_Gaurelapendramarwahi_NormalRice	3152.5979
X_MA649058_Gaurelapendramarwahi_4043_Gaurelapendramarwahi_NormalRice	146.7032
X_MA649152_Gaurelapendramarwahi_4043_Gaurelapendramarwahi_NormalRice	2485.7
X_MA649553_Gaurelapendramarwahi_4043_Gaurelapendramarwahi_NormalRice	143.7016
X_MA673427_Khairagarhchhuikhadangandai_4233_Khairagarhchhuikhadangandai_NormalRice	750.4
X_MA675448_Khairagarhchhuikhadangandai_4233_Khairagarhchhuikhadangandai_NormalRice	3913.7514
X_MA676307_Khairagarhchhuikhadangandai_4233_Khairagarhchhuikhadangandai_NormalRice	1735.1995
X_MA676421_Khairagarhchhuikhadangandai_4233_Khairagarhchhuikhadangandai_NormalRice	206.9496
X_MA677875_Khairagarhchhuikhadangandai_4233_Khairagarhchhuikhadangandai_NormalRice	836.897
X_MA686939_Mohlamanpurambagarhchowki_4231_Mohlamanpurambagarhchowki_NormalRice	5985.4721
X_MA686939_Mohlamanpurambagarhchowki_4236_Mohlamanpurambagarhchowki_NormalRice	155.13
X_MA686939_Mohlamanpurambagarhchowki_4237_Mohlamanpurambagarhchowki_NormalRice	100.2
X_MA686959_Mohlamanpurambagarhchowki_4231_Mohlamanpurambagarhchowki_NormalRice	375.2
X_MA693262_Sakti_5467_Sakti_NormalRice	70.3969
X_MA693430_Sakti_5467_Sakti_NormalRice	16.719799999999992
X_MA693430_Sakti_5470_Sakti_NormalRice	158.78
X_MA693845_Sakti_5467_Sakti_NormalRice	85.5992
X_MA694163_Sakti_5467_Sakti_NormalRice	175.4529
X_MA694790_Sakti_5467_Sakti_NormalRice	774.9019
X_MA694841_Sakti_5467_Sakti_NormalRice	59.5027
X_MA695170_Sakti_5467_Sakti_NormalRice	157.4031
X_MA695253_Sakti_5467_Sakti_NormalRice	1293.1469
X_MA695577_Sakti_5467_Sakti_NormalRice	135.0988
X_MA696344_Sakti_5467_Sakti_NormalRice	273.1992
X_MA696390_Sakti_5467_Sakti_NormalRice	2.4522
X_MA696659_Sakti_5467_Sakti_NormalRice	197.1006
X_MA696750_Sakti_5467_Sakti_NormalRice	86.0012
X_MA696979_Sakti_5467_Sakti_NormalRice	164.753
X_MA697159_Sakti_5467_Sakti_NormalRice	59.4022
X_MA697383_Sakti_5467_Sakti_NormalRice	120.6
X_MA697449_Sakti_5467_Sakti_NormalRice	71.6029
X_MA697775_Sakti_5467_Sakti_NormalRice	32.0997
X_MA697853_Sakti_5467_Sakti_NormalRice	33.6474
X_MA697889_Sakti_5467_Sakti_NormalRice	208.8524
X_MA698145_Sakti_5467_Sakti_NormalRice	0.8777
X_MA698456_Sakti_5467_Sakti_NormalRice	79.38229999999999
X_MA698456_Sakti_5475_Sakti_NormalRice	108.21770000000001
X_MA698539_Sakti_5467_Sakti_NormalRice	124.7004
X_MA698551_Sakti_5467_Sakti_NormalRice	88.6008
X_MA699081_Sakti_5467_Sakti_NormalRice	18.018800000000056
X_MA699081_Sakti_5471_Sakti_NormalRice	274.53
X_MA699415_Sakti_5473_Sakti_NormalRice	58.3972
X_MA704303_Sarangarhbilaigarh_4149_Sarangarhbilaigarh_NormalRice	0.7973
X_MA704907_Sarangarhbilaigarh_4149_Sarangarhbilaigarh_NormalRice	1.4003
X_MA705307_Sarangarhbilaigarh_4149_Sarangarhbilaigarh_NormalRice	0.5494
X_MA705777_Sarangarhbilaigarh_4149_Sarangarhbilaigarh_NormalRice	210.2527
X_MA705846_Sarangarhbilaigarh_4149_Sarangarhbilaigarh_NormalRice	257.6016
X_MA706020_Sarangarhbilaigarh_4149_Sarangarhbilaigarh_NormalRice	257.8026
X_MA706129_Sarangarhbilaigarh_4149_Sarangarhbilaigarh_NormalRice	104.3994
X_MA706249_Sarangarhbilaigarh_4149_Sarangarhbilaigarh_NormalRice	226.3997
X_MA706799_Sarangarhbilaigarh_4149_Sarangarhbilaigarh_NormalRice	89.3981
X_MA706830_Sarangarhbilaigarh_4149_Sarangarhbilaigarh_NormalRice	225.7967
X_MA707245_Sarangarhbilaigarh_4149_Sarangarhbilaigarh_NormalRice	85.1972
X_MA707887_Sarangarhbilaigarh_4149_Sarangarhbilaigarh_NormalRice	1791.3991
X_MA707967_Sarangarhbilaigarh_4149_Sarangarhbilaigarh_NormalRice	1.4003
X_MA708674_Sarangarhbilaigarh_4149_Sarangarhbilaigarh_NormalRice	201.3484
X_MA709023_Sarangarhbilaigarh_4149_Sarangarhbilaigarh_NormalRice	320.1997
X_MA709779_Sarangarhbilaigarh_4149_Sarangarhbilaigarh_NormalRice	1402.2672
X_MA709779_Sarangarhbilaigarh_4415_Sarangarhbilaigarh_NormalRice	445.03
X_MA714690_Manendragarhchirmiribharatpur_5365_Manendragarhchirmiribharatpur_NormalRice	194.83
X_MA714690_Manendragarhchirmiribharatpur_5366_Manendragarhchirmiribharatpur_NormalRice	166.97
X_MA716790_Manendragarhchirmiribharatpur_5365_Manendragarhchirmiribharatpur_NormalRice	7771.6985
X_MA718016_Manendragarhchirmiribharatpur_5365_Manendragarhchirmiribharatpur_NormalRice	2840.8
X_MA719095_Manendragarhchirmiribharatpur_5365_Manendragarhchirmiribharatpur_NormalRice	253.1528
X_MA719579_Manendragarhchirmiribharatpur_5365_Manendragarhchirmiribharatpur_NormalRice	2883.7001
